{
  "LEC": 3.60196066109748,
  "SAI": 0.30579653197990897,
  "PER": 1.916932933921701,
  "HAM": 1.3483936696933696,
  "RUS": 3.5935244124949888,
  "MAG": -1.3849364997075022,
  "BOT": -2.868480955859847,
  "OCO": -0.8833186826589932,
  "GAS": -2.3737646058722333,
  "TSU": -0.8252791585242036,
  "ALO": -1.3394519904062037,
  "ZHO": -1.8934667122375515,
  "MSC": -1.7458561396251282,
  "STR": -1.99586810167317,
  "VER": 5.261990406696128,
  "ALB": -0.23191395898925787,
  "RIC": -1.4195053303013259,
  "NOR": 5.070636219486748,
  "LAT": -2.748428109086268,
  "HUL": 0.14050658854228446,
  "VET": 0.7845303762360624,
  "DEV": -1.6089298814645305,
  "SAR": -3.694757083924133,
  "PIA": 4.390202301493243,
  "LAW": -0.9521700719306763,
  "BEA": -0.044103105018654776,
  "COL": -2.5634083655664375,
  "DOO": -1.0943795399999998,
  "ANT": 2.677329634955963,
  "BOR": -1.799987264192175,
  "HAD": -1.1302687681318826
}