{
  "OCO": {
    "mean_lap_delta_to_field": 0.5988873239436612,
    "lap_time_std": 13.463046181773107,
    "positions_gained": 8.0,
    "dnf_flag": 0.0,
    "deg_per_10_laps": -1.3208350100603599,
    "laps_completed": 71.0
  },
  "LAT": {
    "mean_lap_delta_to_field": 0.8573098591549285,
    "lap_time_std": 12.919097281474793,
    "positions_gained": 2.0,
    "dnf_flag": 0.0,
    "deg_per_10_laps": -1.9211103286385018,
    "laps_completed": 71.0
  },
  "ZHO": {
    "mean_lap_delta_to_field": 0.748676056338028,
    "lap_time_std": 13.05693561911717,
    "positions_gained": 2.0,
    "dnf_flag": 0.0,
    "deg_per_10_laps": -1.4444543930248301,
    "laps_completed": 71.0
  },
  "HAM": {
    "mean_lap_delta_to_field": 0.3571830985915489,
    "lap_time_std": 15.321399898110712,
    "positions_gained": 2.0,
    "dnf_flag": 0.0,
    "deg_per_10_laps": -1.0157407780013374,
    "laps_completed": 71.0
  },
  "ALO": {
    "mean_lap_delta_to_field": 0.4703098591549291,
    "lap_time_std": 14.009622638832742,
    "positions_gained": 12.0,
    "dnf_flag": 0.0,
    "deg_per_10_laps": -1.4963071763916882,
    "laps_completed": 71.0
  },
  "STR": {
    "mean_lap_delta_to_field": 0.6673661971830981,
    "lap_time_std": 12.995485816840176,
    "positions_gained": 4.0,
    "dnf_flag": 0.0,
    "deg_per_10_laps": -1.420290073776001,
    "laps_completed": 71.0
  },
  "MSC": {
    "mean_lap_delta_to_field": 0.7567605633802813,
    "lap_time_std": 13.042540098652173,
    "positions_gained": -2.0,
    "dnf_flag": 0.0,
    "deg_per_10_laps": -1.3522551978537987,
    "laps_completed": 71.0
  },
  "PER": {
    "mean_lap_delta_to_field": 0.5339577464788725,
    "lap_time_std": 14.977877472549178,
    "positions_gained": -1.0,
    "dnf_flag": 0.0,
    "deg_per_10_laps": -0.8864077800134164,
    "laps_completed": 71.0
  },
  "LEC": {
    "mean_lap_delta_to_field": 0.4545352112676057,
    "lap_time_std": 14.074592526132324,
    "positions_gained": 4.0,
    "dnf_flag": 0.0,
    "deg_per_10_laps": -1.6324336016096643,
    "laps_completed": 71.0
  },
  "TSU": {
    "mean_lap_delta_to_field": 1.8841571428571424,
    "lap_time_std": 14.97897350142241,
    "positions_gained": 3.0,
    "dnf_flag": 0.0,
    "deg_per_10_laps": -1.0420346426384424,
    "laps_completed": 70.0
  },
  "NOR": {
    "mean_lap_delta_to_field": 1.0751000000000004,
    "lap_time_std": 12.819364729651646,
    "positions_gained": -5.0,
    "dnf_flag": 1.0,
    "deg_per_10_laps": -4.338957022809134,
    "laps_completed": 50.0
  },
  "RUS": {
    "mean_lap_delta_to_field": 0.3356478873239427,
    "lap_time_std": 15.744594364396827,
    "positions_gained": 0.0,
    "dnf_flag": 0.0,
    "deg_per_10_laps": -0.8896985244802256,
    "laps_completed": 71.0
  },
  "BOT": {
    "mean_lap_delta_to_field": 0.6532816901408454,
    "lap_time_std": 13.599614688839882,
    "positions_gained": 4.0,
    "dnf_flag": 0.0,
    "deg_per_10_laps": -1.2325865191146954,
    "laps_completed": 71.0
  },
  "GAS": {
    "mean_lap_delta_to_field": 0.7140563380281685,
    "lap_time_std": 13.34620716974325,
    "positions_gained": -1.0,
    "dnf_flag": 0.0,
    "deg_per_10_laps": -1.3868544600939037,
    "laps_completed": 71.0
  },
  "ALB": {
    "mean_lap_delta_to_field": 0.842915492957746,
    "lap_time_std": 13.220881696277361,
    "positions_gained": 4.0,
    "dnf_flag": 0.0,
    "deg_per_10_laps": -1.5633239436619808,
    "laps_completed": 71.0
  },
  "SAI": {
    "mean_lap_delta_to_field": 0.39270422535211175,
    "lap_time_std": 15.217241315399667,
    "positions_gained": 6.0,
    "dnf_flag": 0.0,
    "deg_per_10_laps": -1.1166160295104026,
    "laps_completed": 71.0
  },
  "VER": {
    "mean_lap_delta_to_field": 0.4772816901408441,
    "lap_time_std": 14.078789015467638,
    "positions_gained": -1.0,
    "dnf_flag": 0.0,
    "deg_per_10_laps": -1.6135617035546632,
    "laps_completed": 71.0
  },
  "VET": {
    "mean_lap_delta_to_field": 0.704422535211267,
    "lap_time_std": 13.462491573665925,
    "positions_gained": -1.0,
    "dnf_flag": 0.0,
    "deg_per_10_laps": -1.1759067739771987,
    "laps_completed": 71.0
  }
}