{
  "ZHO": {
    "mean_lap_delta_to_field": 0.4603962264150951,
    "lap_time_std": 9.366052060283252,
    "positions_gained": -1.0,
    "dnf_flag": 0.0,
    "deg_per_10_laps": 2.0668142235123335,
    "laps_completed": 53.0
  },
  "MSC": {
    "mean_lap_delta_to_field": 0.4724528301886799,
    "lap_time_std": 8.941779816452742,
    "positions_gained": 5.0,
    "dnf_flag": 0.0,
    "deg_per_10_laps": 1.9206192549588776,
    "laps_completed": 53.0
  },
  "STR": {
    "mean_lap_delta_to_field": 1.3896666666666648,
    "lap_time_std": 4.989093825508808,
    "positions_gained": -6.0,
    "dnf_flag": 1.0,
    "deg_per_10_laps": -0.506459514170058,
    "laps_completed": 39.0
  },
  "DEV": {
    "mean_lap_delta_to_field": 0.44552830188679166,
    "lap_time_std": 9.456664775585203,
    "positions_gained": -1.0,
    "dnf_flag": 0.0,
    "deg_per_10_laps": 2.112783422028703,
    "laps_completed": 53.0
  },
  "SAI": {
    "mean_lap_delta_to_field": 0.4066415094339621,
    "lap_time_std": 13.215089052553092,
    "positions_gained": 12.0,
    "dnf_flag": 0.0,
    "deg_per_10_laps": 2.9475600709562872,
    "laps_completed": 53.0
  },
  "HAM": {
    "mean_lap_delta_to_field": 0.4126603773584905,
    "lap_time_std": 11.191410549418308,
    "positions_gained": 14.0,
    "dnf_flag": 0.0,
    "deg_per_10_laps": 2.4276439283986355,
    "laps_completed": 53.0
  },
  "ALO": {
    "mean_lap_delta_to_field": 0.36751612903225717,
    "lap_time_std": 4.216803519815831,
    "positions_gained": -1.0,
    "dnf_flag": 1.0,
    "deg_per_10_laps": -0.29251209677421297,
    "laps_completed": 31.0
  },
  "RIC": {
    "mean_lap_delta_to_field": 0.6052888888888889,
    "lap_time_std": 4.668335992231455,
    "positions_gained": -5.0,
    "dnf_flag": 1.0,
    "deg_per_10_laps": -0.7244743083003915,
    "laps_completed": 45.0
  },
  "GAS": {
    "mean_lap_delta_to_field": 0.4318301886792442,
    "lap_time_std": 9.488350315312761,
    "positions_gained": -3.0,
    "dnf_flag": 0.0,
    "deg_per_10_laps": 2.139750846637631,
    "laps_completed": 53.0
  },
  "OCO": {
    "mean_lap_delta_to_field": 0.46818867924528235,
    "lap_time_std": 9.167630417767612,
    "positions_gained": 2.0,
    "dnf_flag": 0.0,
    "deg_per_10_laps": 1.9253515562006163,
    "laps_completed": 53.0
  },
  "LAT": {
    "mean_lap_delta_to_field": 2.8026346153846164,
    "lap_time_std": 13.152115621082862,
    "positions_gained": -1.0,
    "dnf_flag": 0.0,
    "deg_per_10_laps": 3.3959570562622705,
    "laps_completed": 52.0
  },
  "PER": {
    "mean_lap_delta_to_field": 0.42607547169811333,
    "lap_time_std": 10.654405249910385,
    "positions_gained": 9.0,
    "dnf_flag": 0.0,
    "deg_per_10_laps": 2.2729737139171102,
    "laps_completed": 53.0
  },
  "LEC": {
    "mean_lap_delta_to_field": 0.3573018867924536,
    "lap_time_std": 13.834507913117593,
    "positions_gained": -1.0,
    "dnf_flag": 0.0,
    "deg_per_10_laps": 3.830240283825187,
    "laps_completed": 53.0
  },
  "NOR": {
    "mean_lap_delta_to_field": 0.42826415094339554,
    "lap_time_std": 11.22699274694956,
    "positions_gained": -1.0,
    "dnf_flag": 0.0,
    "deg_per_10_laps": 2.6035865183034943,
    "laps_completed": 53.0
  },
  "RUS": {
    "mean_lap_delta_to_field": -0.29971153846153886,
    "lap_time_std": 10.900846388655554,
    "positions_gained": -1.0,
    "dnf_flag": 0.0,
    "deg_per_10_laps": 2.368356059472487,
    "laps_completed": 53.0
  },
  "BOT": {
    "mean_lap_delta_to_field": 2.756961538461538,
    "lap_time_std": 13.050548101502207,
    "positions_gained": 7.0,
    "dnf_flag": 0.0,
    "deg_per_10_laps": 3.692045590369673,
    "laps_completed": 52.0
  },
  "VER": {
    "mean_lap_delta_to_field": 0.31115094339622534,
    "lap_time_std": 14.430676570924524,
    "positions_gained": 3.0,
    "dnf_flag": 0.0,
    "deg_per_10_laps": 4.143730043541361,
    "laps_completed": 53.0
  },
  "TSU": {
    "mean_lap_delta_to_field": 2.7750961538461545,
    "lap_time_std": 13.562894944114369,
    "positions_gained": 4.0,
    "dnf_flag": 0.0,
    "deg_per_10_laps": 3.5998339451890993,
    "laps_completed": 52.0
  },
  "MAG": {
    "mean_lap_delta_to_field": 2.8382884615384616,
    "lap_time_std": 13.134514576010636,
    "positions_gained": -4.0,
    "dnf_flag": 0.0,
    "deg_per_10_laps": 3.0427512165969315,
    "laps_completed": 52.0
  },
  "VET": {
    "mean_lap_delta_to_field": 0.447699999999999,
    "lap_time_std": 2.087149052335908,
    "positions_gained": -3.0,
    "dnf_flag": 1.0,
    "deg_per_10_laps": -3.9401818181817694,
    "laps_completed": 10.0
  }
}