{
  "ZHO": {
    "mean_lap_delta_to_field": 1.3742619047619047,
    "lap_time_std": 5.888112853504917,
    "positions_gained": 3.0,
    "dnf_flag": 0.0,
    "deg_per_10_laps": -1.9552267647379424,
    "laps_completed": 44.0
  },
  "MSC": {
    "mean_lap_delta_to_field": 1.6951219512195135,
    "lap_time_std": 6.27616491927215,
    "positions_gained": 1.0,
    "dnf_flag": 0.0,
    "deg_per_10_laps": -2.3888019318482385,
    "laps_completed": 43.0
  },
  "STR": {
    "mean_lap_delta_to_field": 1.200809523809523,
    "lap_time_std": 5.4466740229530215,
    "positions_gained": -1.0,
    "dnf_flag": 0.0,
    "deg_per_10_laps": -1.760814685143948,
    "laps_completed": 44.0
  },
  "SAI": {
    "mean_lap_delta_to_field": -1.0307619047619045,
    "lap_time_std": 4.129831299265738,
    "positions_gained": -1.0,
    "dnf_flag": 0.0,
    "deg_per_10_laps": -1.1933833832329919,
    "laps_completed": 44.0
  },
  "ALO": {
    "mean_lap_delta_to_field": 0.29576190476190467,
    "lap_time_std": 4.608091574981409,
    "positions_gained": -1.0,
    "dnf_flag": 0.0,
    "deg_per_10_laps": -1.6607269319048723,
    "laps_completed": 44.0
  },
  "RIC": {
    "mean_lap_delta_to_field": 1.1965952380952392,
    "lap_time_std": 4.695299048460231,
    "positions_gained": -8.0,
    "dnf_flag": 0.0,
    "deg_per_10_laps": -1.409387643171913,
    "laps_completed": 44.0
  },
  "GAS": {
    "mean_lap_delta_to_field": 0.9074756097560976,
    "lap_time_std": 3.621858228259317,
    "positions_gained": 11.0,
    "dnf_flag": 0.0,
    "deg_per_10_laps": -1.3542535117612902,
    "laps_completed": 44.0
  },
  "OCO": {
    "mean_lap_delta_to_field": 0.5657380952380945,
    "lap_time_std": 5.469316737270754,
    "positions_gained": 7.0,
    "dnf_flag": 0.0,
    "deg_per_10_laps": -2.09114736608806,
    "laps_completed": 44.0
  },
  "LAT": {
    "mean_lap_delta_to_field": 1.6548124999999996,
    "lap_time_std": 3.8952017122154494,
    "positions_gained": -5.0,
    "dnf_flag": 0.0,
    "deg_per_10_laps": -1.1773679724695354,
    "laps_completed": 43.0
  },
  "PER": {
    "mean_lap_delta_to_field": -1.1761666666666657,
    "lap_time_std": 4.189628012725881,
    "positions_gained": 1.0,
    "dnf_flag": 0.0,
    "deg_per_10_laps": -1.2688460223665565,
    "laps_completed": 44.0
  },
  "LEC": {
    "mean_lap_delta_to_field": 0.2765000000000007,
    "lap_time_std": 5.420683148422024,
    "positions_gained": 6.0,
    "dnf_flag": 0.0,
    "deg_per_10_laps": -1.392417909774955,
    "laps_completed": 44.0
  },
  "NOR": {
    "mean_lap_delta_to_field": 1.3051428571428578,
    "lap_time_std": 5.689122085825996,
    "positions_gained": 4.0,
    "dnf_flag": 0.0,
    "deg_per_10_laps": -1.8760139518634558,
    "laps_completed": 44.0
  },
  "RUS": {
    "mean_lap_delta_to_field": -0.826904761904761,
    "lap_time_std": 4.530182206622956,
    "positions_gained": 0.0,
    "dnf_flag": 0.0,
    "deg_per_10_laps": -1.5162892325724031,
    "laps_completed": 44.0
  },
  "BOT": {
    "mean_lap_delta_to_field": 1.61099999999999,
    "lap_time_std": 0.0,
    "positions_gained": 0.0,
    "dnf_flag": 1.0,
    "deg_per_10_laps": 0.0,
    "laps_completed": 1.0
  },
  "ALB": {
    "mean_lap_delta_to_field": 1.0846190476190487,
    "lap_time_std": 4.941852120565032,
    "positions_gained": -2.0,
    "dnf_flag": 0.0,
    "deg_per_10_laps": -1.6713934583266354,
    "laps_completed": 44.0
  },
  "VER": {
    "mean_lap_delta_to_field": -1.3172380952380958,
    "lap_time_std": 5.208515481823039,
    "positions_gained": 8.0,
    "dnf_flag": 0.0,
    "deg_per_10_laps": -1.6815722330119256,
    "laps_completed": 44.0
  },
  "TSU": {
    "mean_lap_delta_to_field": 1.4316666666666675,
    "lap_time_std": 6.826407447336409,
    "positions_gained": 6.0,
    "dnf_flag": 0.0,
    "deg_per_10_laps": -2.164547353315756,
    "laps_completed": 44.0
  },
  "MAG": {
    "mean_lap_delta_to_field": 1.5069512195121955,
    "lap_time_std": 5.5337582460394605,
    "positions_gained": -4.0,
    "dnf_flag": 0.0,
    "deg_per_10_laps": -2.0118015434955168,
    "laps_completed": 43.0
  },
  "VET": {
    "mean_lap_delta_to_field": 0.4751190476190472,
    "lap_time_std": 4.880668484658926,
    "positions_gained": -2.0,
    "dnf_flag": 0.0,
    "deg_per_10_laps": -1.545658205641622,
    "laps_completed": 44.0
  }
}