{
  "ZHO": {
    "mean_lap_delta_to_field": 0.8419838709677411,
    "lap_time_std": 18.18928276287485,
    "positions_gained": 2.0,
    "dnf_flag": 0.0,
    "deg_per_10_laps": -6.568220759292878,
    "laps_completed": 63.0
  },
  "MSC": {
    "mean_lap_delta_to_field": 2.6538750000000007,
    "lap_time_std": 19.728098226765997,
    "positions_gained": -2.0,
    "dnf_flag": 1.0,
    "deg_per_10_laps": -17.70346086956523,
    "laps_completed": 24.0
  },
  "STR": {
    "mean_lap_delta_to_field": 0.4107698412698402,
    "lap_time_std": 19.681151114544804,
    "positions_gained": 5.0,
    "dnf_flag": 0.0,
    "deg_per_10_laps": -6.779258276999536,
    "laps_completed": 64.0
  },
  "SAI": {
    "mean_lap_delta_to_field": -0.9674838709677424,
    "lap_time_std": 16.68624241773841,
    "positions_gained": 0.0,
    "dnf_flag": 0.0,
    "deg_per_10_laps": -5.912528781998554,
    "laps_completed": 64.0
  },
  "HAM": {
    "mean_lap_delta_to_field": -0.01605555555555575,
    "lap_time_std": 17.07767542159727,
    "positions_gained": 0.0,
    "dnf_flag": 0.0,
    "deg_per_10_laps": -6.197347155984648,
    "laps_completed": 64.0
  },
  "ALO": {
    "mean_lap_delta_to_field": -0.0376587301587302,
    "lap_time_std": 17.140148234817598,
    "positions_gained": 0.0,
    "dnf_flag": 0.0,
    "deg_per_10_laps": -6.123460974758644,
    "laps_completed": 64.0
  },
  "RIC": {
    "mean_lap_delta_to_field": 0.5909126984126973,
    "lap_time_std": 17.85301642122154,
    "positions_gained": 1.0,
    "dnf_flag": 0.0,
    "deg_per_10_laps": -6.649929241305109,
    "laps_completed": 64.0
  },
  "GAS": {
    "mean_lap_delta_to_field": 0.20783064516128952,
    "lap_time_std": 17.295593145177815,
    "positions_gained": 5.0,
    "dnf_flag": 0.0,
    "deg_per_10_laps": -5.981037771984249,
    "laps_completed": 64.0
  },
  "OCO": {
    "mean_lap_delta_to_field": 0.008642857142855778,
    "lap_time_std": 17.069380369139946,
    "positions_gained": 1.0,
    "dnf_flag": 0.0,
    "deg_per_10_laps": -6.326367148423882,
    "laps_completed": 64.0
  },
  "LAT": {
    "mean_lap_delta_to_field": 0.7437258064516122,
    "lap_time_std": 21.03354522067008,
    "positions_gained": 5.0,
    "dnf_flag": 0.0,
    "deg_per_10_laps": -6.8984061402754655,
    "laps_completed": 63.0
  },
  "PER": {
    "mean_lap_delta_to_field": -0.9902419354838716,
    "lap_time_std": 16.911295584360715,
    "positions_gained": 2.0,
    "dnf_flag": 0.0,
    "deg_per_10_laps": -5.932724365865123,
    "laps_completed": 64.0
  },
  "LEC": {
    "mean_lap_delta_to_field": -0.943596774193549,
    "lap_time_std": 16.820320122826843,
    "positions_gained": -3.0,
    "dnf_flag": 0.0,
    "deg_per_10_laps": -5.9326275232963575,
    "laps_completed": 64.0
  },
  "NOR": {
    "mean_lap_delta_to_field": -0.5822936507936513,
    "lap_time_std": 17.917442609739904,
    "positions_gained": -1.0,
    "dnf_flag": 0.0,
    "deg_per_10_laps": -6.259067436314995,
    "laps_completed": 64.0
  },
  "RUS": {
    "mean_lap_delta_to_field": -0.5135952380952394,
    "lap_time_std": 18.168944619480957,
    "positions_gained": 1.0,
    "dnf_flag": 0.0,
    "deg_per_10_laps": -6.116655497557302,
    "laps_completed": 64.0
  },
  "BOT": {
    "mean_lap_delta_to_field": 0.3179285714285705,
    "lap_time_std": 17.415416741984064,
    "positions_gained": 2.0,
    "dnf_flag": 0.0,
    "deg_per_10_laps": -6.483601372571832,
    "laps_completed": 64.0
  },
  "ALB": {
    "mean_lap_delta_to_field": 0.4165957446808507,
    "lap_time_std": 18.888839446545493,
    "positions_gained": -2.0,
    "dnf_flag": 1.0,
    "deg_per_10_laps": -9.208242629493165,
    "laps_completed": 48.0
  },
  "VER": {
    "mean_lap_delta_to_field": -0.9646451612903234,
    "lap_time_std": 16.988414371568837,
    "positions_gained": 1.0,
    "dnf_flag": 0.0,
    "deg_per_10_laps": -5.976231229733637,
    "laps_completed": 64.0
  },
  "TSU": {
    "mean_lap_delta_to_field": 1.2040322580645155,
    "lap_time_std": 17.293563968395272,
    "positions_gained": -6.0,
    "dnf_flag": 0.0,
    "deg_per_10_laps": -6.322390944503455,
    "laps_completed": 63.0
  },
  "MAG": {
    "mean_lap_delta_to_field": 1.176947368421051,
    "lap_time_std": 19.10466722897378,
    "positions_gained": 1.0,
    "dnf_flag": 1.0,
    "deg_per_10_laps": -22.16294736842105,
    "laps_completed": 19.0
  },
  "VET": {
    "mean_lap_delta_to_field": 0.5112460317460316,
    "lap_time_std": 17.471172255506104,
    "positions_gained": -2.0,
    "dnf_flag": 0.0,
    "deg_per_10_laps": -6.590393771082949,
    "laps_completed": 64.0
  }
}