{
  "ZHO": {
    "mean_lap_delta_to_field": 4.586166666666666,
    "lap_time_std": 10.24937973570434,
    "positions_gained": -6.0,
    "dnf_flag": 1.0,
    "deg_per_10_laps": 21.49057142857139,
    "laps_completed": 6.0
  },
  "MSC": {
    "mean_lap_delta_to_field": 1.3506160714285702,
    "lap_time_std": 11.174022132467925,
    "positions_gained": -4.0,
    "dnf_flag": 0.0,
    "deg_per_10_laps": 1.8032391501780574,
    "laps_completed": 57.0
  },
  "STR": {
    "mean_lap_delta_to_field": 0.6891517857142855,
    "lap_time_std": 10.574351719652084,
    "positions_gained": 7.0,
    "dnf_flag": 0.0,
    "deg_per_10_laps": 1.0799703457585788,
    "laps_completed": 57.0
  },
  "SAI": {
    "mean_lap_delta_to_field": 0.053063636363636264,
    "lap_time_std": 11.999420215567266,
    "positions_gained": 0.0,
    "dnf_flag": 0.0,
    "deg_per_10_laps": 1.210803102433425,
    "laps_completed": 57.0
  },
  "HAM": {
    "mean_lap_delta_to_field": -0.20068181818181835,
    "lap_time_std": 10.30217764051369,
    "positions_gained": 2.0,
    "dnf_flag": 0.0,
    "deg_per_10_laps": 0.9443848721232723,
    "laps_completed": 57.0
  },
  "ALO": {
    "mean_lap_delta_to_field": 0.5438839285714293,
    "lap_time_std": 10.933489251737395,
    "positions_gained": -1.0,
    "dnf_flag": 0.0,
    "deg_per_10_laps": 1.1844483829391759,
    "laps_completed": 57.0
  },
  "RIC": {
    "mean_lap_delta_to_field": 0.6769017857142846,
    "lap_time_std": 9.978155483126855,
    "positions_gained": 0.0,
    "dnf_flag": 0.0,
    "deg_per_10_laps": 1.1241714964465441,
    "laps_completed": 57.0
  },
  "GAS": {
    "mean_lap_delta_to_field": 0.48265476190476264,
    "lap_time_std": 6.220544179264288,
    "positions_gained": -12.0,
    "dnf_flag": 1.0,
    "deg_per_10_laps": 1.5795883849889476,
    "laps_completed": 45.0
  },
  "OCO": {
    "mean_lap_delta_to_field": 0.5466696428571419,
    "lap_time_std": 10.893930695560497,
    "positions_gained": 9.0,
    "dnf_flag": 0.0,
    "deg_per_10_laps": 1.171015763508604,
    "laps_completed": 57.0
  },
  "LAT": {
    "mean_lap_delta_to_field": 0.440990909090909,
    "lap_time_std": 5.92988581819541,
    "positions_gained": 3.0,
    "dnf_flag": 0.0,
    "deg_per_10_laps": 0.002318686151141114,
    "laps_completed": 57.0
  },
  "PER": {
    "mean_lap_delta_to_field": -0.39760909090909113,
    "lap_time_std": 11.339693830658037,
    "positions_gained": 0.0,
    "dnf_flag": 0.0,
    "deg_per_10_laps": 1.2061596349012502,
    "laps_completed": 57.0
  },
  "LEC": {
    "mean_lap_delta_to_field": -0.7627685185185179,
    "lap_time_std": 10.424598209113553,
    "positions_gained": -1.0,
    "dnf_flag": 0.0,
    "deg_per_10_laps": 0.7250606136757762,
    "laps_completed": 57.0
  },
  "NOR": {
    "mean_lap_delta_to_field": 0.6698974358974374,
    "lap_time_std": 3.505145494736455,
    "positions_gained": -5.0,
    "dnf_flag": 1.0,
    "deg_per_10_laps": -0.9556457489878573,
    "laps_completed": 39.0
  },
  "RUS": {
    "mean_lap_delta_to_field": -0.14702727272727456,
    "lap_time_std": 10.453807564452909,
    "positions_gained": 10.0,
    "dnf_flag": 0.0,
    "deg_per_10_laps": 0.814925971203489,
    "laps_completed": 57.0
  },
  "BOT": {
    "mean_lap_delta_to_field": -0.0883181818181821,
    "lap_time_std": 10.468390489134263,
    "positions_gained": -2.0,
    "dnf_flag": 0.0,
    "deg_per_10_laps": 1.1754009246322945,
    "laps_completed": 57.0
  },
  "ALB": {
    "mean_lap_delta_to_field": 0.6089196428571422,
    "lap_time_std": 10.136018402421179,
    "positions_gained": 6.0,
    "dnf_flag": 0.0,
    "deg_per_10_laps": 0.9301672339430616,
    "laps_completed": 57.0
  },
  "VER": {
    "mean_lap_delta_to_field": -1.6582547169811321,
    "lap_time_std": 7.434692693565101,
    "positions_gained": 1.0,
    "dnf_flag": 0.0,
    "deg_per_10_laps": 0.15111288717275267,
    "laps_completed": 57.0
  },
  "TSU": {
    "mean_lap_delta_to_field": -0.8189444444444445,
    "lap_time_std": 3.9013006826470185,
    "positions_gained": -3.0,
    "dnf_flag": 0.0,
    "deg_per_10_laps": -0.6977706269703449,
    "laps_completed": 57.0
  },
  "MAG": {
    "mean_lap_delta_to_field": 0.7164272727272724,
    "lap_time_std": 10.459579162208446,
    "positions_gained": 0.0,
    "dnf_flag": 0.0,
    "deg_per_10_laps": 1.3212438763593397,
    "laps_completed": 56.0
  },
  "VET": {
    "mean_lap_delta_to_field": 1.1096603773584905,
    "lap_time_std": 11.015768324745679,
    "positions_gained": 3.0,
    "dnf_flag": 1.0,
    "deg_per_10_laps": 1.9860724351457695,
    "laps_completed": 54.0
  }
}