{
  "ZHO": {
    "mean_lap_delta_to_field": 1.0941851851851847,
    "lap_time_std": 11.45263845671361,
    "positions_gained": 3.0,
    "dnf_flag": 0.0,
    "deg_per_10_laps": -1.864472283163089,
    "laps_completed": 56.0
  },
  "MSC": {
    "mean_lap_delta_to_field": 1.0741037735849048,
    "lap_time_std": 11.264456922219546,
    "positions_gained": 0.0,
    "dnf_flag": 0.0,
    "deg_per_10_laps": -1.4385091655266748,
    "laps_completed": 56.0
  },
  "STR": {
    "mean_lap_delta_to_field": 0.7036578947368393,
    "lap_time_std": 11.3607683340675,
    "positions_gained": -4.0,
    "dnf_flag": 1.0,
    "deg_per_10_laps": 12.06475438596491,
    "laps_completed": 19.0
  },
  "SAI": {
    "mean_lap_delta_to_field": 5.263500000000008,
    "lap_time_std": 0.0,
    "positions_gained": 0.0,
    "dnf_flag": 1.0,
    "deg_per_10_laps": 0.0,
    "laps_completed": 1.0
  },
  "HAM": {
    "mean_lap_delta_to_field": -1.292560000000001,
    "lap_time_std": 5.418657618274252,
    "positions_gained": 0.0,
    "dnf_flag": 0.0,
    "deg_per_10_laps": -0.8481129034060468,
    "laps_completed": 56.0
  },
  "ALO": {
    "mean_lap_delta_to_field": 0.3471249999999992,
    "lap_time_std": 9.6725439686083,
    "positions_gained": 5.0,
    "dnf_flag": 0.0,
    "deg_per_10_laps": -1.3169291761249835,
    "laps_completed": 56.0
  },
  "RIC": {
    "mean_lap_delta_to_field": 1.5672222222222232,
    "lap_time_std": 11.891146340758933,
    "positions_gained": -3.0,
    "dnf_flag": 0.0,
    "deg_per_10_laps": -1.890895180724423,
    "laps_completed": 56.0
  },
  "GAS": {
    "mean_lap_delta_to_field": 0.8363039215686277,
    "lap_time_std": 8.26091905460081,
    "positions_gained": -3.0,
    "dnf_flag": 0.0,
    "deg_per_10_laps": -1.2005674188925823,
    "laps_completed": 56.0
  },
  "OCO": {
    "mean_lap_delta_to_field": 0.9746698113207541,
    "lap_time_std": 11.47816713037034,
    "positions_gained": 8.0,
    "dnf_flag": 0.0,
    "deg_per_10_laps": -1.50618112175104,
    "laps_completed": 56.0
  },
  "LAT": {
    "mean_lap_delta_to_field": 1.452462264150943,
    "lap_time_std": 9.540032490786073,
    "positions_gained": -1.0,
    "dnf_flag": 0.0,
    "deg_per_10_laps": -1.5501923913751592,
    "laps_completed": 56.0
  },
  "PER": {
    "mean_lap_delta_to_field": -1.0319000000000005,
    "lap_time_std": 5.645173177654896,
    "positions_gained": 3.0,
    "dnf_flag": 0.0,
    "deg_per_10_laps": -1.0194167653763697,
    "laps_completed": 56.0
  },
  "LEC": {
    "mean_lap_delta_to_field": -1.359280000000001,
    "lap_time_std": 4.559037123591528,
    "positions_gained": 7.0,
    "dnf_flag": 0.0,
    "deg_per_10_laps": -0.925980829831935,
    "laps_completed": 56.0
  },
  "NOR": {
    "mean_lap_delta_to_field": 0.7364150943396222,
    "lap_time_std": 11.517417756036018,
    "positions_gained": 0.0,
    "dnf_flag": 0.0,
    "deg_per_10_laps": -1.7147726864634514,
    "laps_completed": 56.0
  },
  "RUS": {
    "mean_lap_delta_to_field": -0.1221000000000015,
    "lap_time_std": 6.8986125675192635,
    "positions_gained": -1.0,
    "dnf_flag": 0.0,
    "deg_per_10_laps": -0.5788396768281849,
    "laps_completed": 56.0
  },
  "BOT": {
    "mean_lap_delta_to_field": 1.0865312499999993,
    "lap_time_std": 4.894725248928684,
    "positions_gained": -2.0,
    "dnf_flag": 1.0,
    "deg_per_10_laps": -0.26530882352936674,
    "laps_completed": 16.0
  },
  "ALB": {
    "mean_lap_delta_to_field": 0.9741037735849049,
    "lap_time_std": 10.412663858838204,
    "positions_gained": -4.0,
    "dnf_flag": 0.0,
    "deg_per_10_laps": -1.4899865937072514,
    "laps_completed": 56.0
  },
  "VER": {
    "mean_lap_delta_to_field": -1.4922400000000007,
    "lap_time_std": 6.08894184329432,
    "positions_gained": 0.0,
    "dnf_flag": 0.0,
    "deg_per_10_laps": -0.8403922313606299,
    "laps_completed": 56.0
  },
  "TSU": {
    "mean_lap_delta_to_field": 1.0866603773584897,
    "lap_time_std": 11.272204077245544,
    "positions_gained": 4.0,
    "dnf_flag": 0.0,
    "deg_per_10_laps": -1.7421855801793615,
    "laps_completed": 56.0
  },
  "MAG": {
    "mean_lap_delta_to_field": 0.7468018867924529,
    "lap_time_std": 10.492505610042718,
    "positions_gained": 9.0,
    "dnf_flag": 0.0,
    "deg_per_10_laps": -1.4831899941371978,
    "laps_completed": 56.0
  },
  "VET": {
    "mean_lap_delta_to_field": -0.02132000000000204,
    "lap_time_std": 6.117329219987614,
    "positions_gained": -3.0,
    "dnf_flag": 0.0,
    "deg_per_10_laps": -0.3571534730913592,
    "laps_completed": 56.0
  }
}