{
  "ZHO": {
    "mean_lap_delta_to_field": 1.2526086956521727,
    "lap_time_std": 9.256054867783305,
    "positions_gained": -2.0,
    "dnf_flag": 1.0,
    "deg_per_10_laps": -0.2194169960474453,
    "laps_completed": 23.0
  },
  "MSC": {
    "mean_lap_delta_to_field": 1.6220510204081622,
    "lap_time_std": 7.34133571190311,
    "positions_gained": 6.0,
    "dnf_flag": 0.0,
    "deg_per_10_laps": -1.594488983050861,
    "laps_completed": 50.0
  },
  "STR": {
    "mean_lap_delta_to_field": 1.7424999999999988,
    "lap_time_std": 6.681963363481509,
    "positions_gained": 2.0,
    "dnf_flag": 1.0,
    "deg_per_10_laps": -0.4943608013618744,
    "laps_completed": 46.0
  },
  "SAI": {
    "mean_lap_delta_to_field": -2.1494999999999997,
    "lap_time_std": 1.8445838671248154,
    "positions_gained": 0.0,
    "dnf_flag": 1.0,
    "deg_per_10_laps": -4.176904761904685,
    "laps_completed": 8.0
  },
  "HAM": {
    "mean_lap_delta_to_field": -0.40532000000000096,
    "lap_time_std": 6.7041311773002334,
    "positions_gained": 3.0,
    "dnf_flag": 0.0,
    "deg_per_10_laps": -1.3741834475526118,
    "laps_completed": 51.0
  },
  "ALO": {
    "mean_lap_delta_to_field": 0.16757999999999926,
    "lap_time_std": 6.3132806520404685,
    "positions_gained": 3.0,
    "dnf_flag": 0.0,
    "deg_per_10_laps": -1.2486297693523358,
    "laps_completed": 51.0
  },
  "RIC": {
    "mean_lap_delta_to_field": 0.0326400000000001,
    "lap_time_std": 5.976544270901103,
    "positions_gained": 4.0,
    "dnf_flag": 0.0,
    "deg_per_10_laps": -1.1540124463800563,
    "laps_completed": 51.0
  },
  "GAS": {
    "mean_lap_delta_to_field": -0.04565999999999974,
    "lap_time_std": 6.399734086599508,
    "positions_gained": 1.0,
    "dnf_flag": 0.0,
    "deg_per_10_laps": -1.0057932837614447,
    "laps_completed": 51.0
  },
  "OCO": {
    "mean_lap_delta_to_field": 0.49003999999999936,
    "lap_time_std": 6.560662174892194,
    "positions_gained": 3.0,
    "dnf_flag": 0.0,
    "deg_per_10_laps": -1.174548063127698,
    "laps_completed": 51.0
  },
  "LAT": {
    "mean_lap_delta_to_field": 2.753826530612245,
    "lap_time_std": 7.372991023560476,
    "positions_gained": 4.0,
    "dnf_flag": 0.0,
    "deg_per_10_laps": -1.6676212258573226,
    "laps_completed": 50.0
  },
  "PER": {
    "mean_lap_delta_to_field": -1.4342200000000003,
    "lap_time_std": 6.194096311317538,
    "positions_gained": -1.0,
    "dnf_flag": 0.0,
    "deg_per_10_laps": -0.9274630941890221,
    "laps_completed": 51.0
  },
  "LEC": {
    "mean_lap_delta_to_field": -1.1114999999999982,
    "lap_time_std": 10.451544103875907,
    "positions_gained": -15.0,
    "dnf_flag": 1.0,
    "deg_per_10_laps": 2.478853200963558,
    "laps_completed": 21.0
  },
  "NOR": {
    "mean_lap_delta_to_field": 0.5920980392156853,
    "lap_time_std": 8.406121808096112,
    "positions_gained": 2.0,
    "dnf_flag": 0.0,
    "deg_per_10_laps": -1.0475610859728655,
    "laps_completed": 51.0
  },
  "RUS": {
    "mean_lap_delta_to_field": -0.929439999999999,
    "lap_time_std": 6.249031294724722,
    "positions_gained": 2.0,
    "dnf_flag": 0.0,
    "deg_per_10_laps": -1.123862055655505,
    "laps_completed": 51.0
  },
  "BOT": {
    "mean_lap_delta_to_field": 0.4801770833333334,
    "lap_time_std": 4.644805438701009,
    "positions_gained": 5.0,
    "dnf_flag": 0.0,
    "deg_per_10_laps": -1.6703958036061866,
    "laps_completed": 50.0
  },
  "ALB": {
    "mean_lap_delta_to_field": 0.7760918367346932,
    "lap_time_std": 7.226907816046406,
    "positions_gained": 3.0,
    "dnf_flag": 0.0,
    "deg_per_10_laps": -1.5729968663776306,
    "laps_completed": 50.0
  },
  "VER": {
    "mean_lap_delta_to_field": -1.8346199999999997,
    "lap_time_std": 5.756576830345746,
    "positions_gained": 2.0,
    "dnf_flag": 0.0,
    "deg_per_10_laps": -1.015581134521409,
    "laps_completed": 51.0
  },
  "TSU": {
    "mean_lap_delta_to_field": 0.7868673469387744,
    "lap_time_std": 8.552987402568963,
    "positions_gained": -4.0,
    "dnf_flag": 0.0,
    "deg_per_10_laps": -0.8474774378207638,
    "laps_completed": 50.0
  },
  "MAG": {
    "mean_lap_delta_to_field": 0.3660645161290313,
    "lap_time_std": 6.764262547126011,
    "positions_gained": 7.0,
    "dnf_flag": 1.0,
    "deg_per_10_laps": -2.3833467741935723,
    "laps_completed": 31.0
  },
  "VET": {
    "mean_lap_delta_to_field": 0.09353999999999985,
    "lap_time_std": 6.722867468542855,
    "positions_gained": 2.0,
    "dnf_flag": 0.0,
    "deg_per_10_laps": -1.2606385597448129,
    "laps_completed": 51.0
  }
}