{
  "ZHO": {
    "mean_lap_delta_to_field": 0.032700000000001644,
    "lap_time_std": 10.936753932001535,
    "positions_gained": 1.0,
    "dnf_flag": 0.0,
    "deg_per_10_laps": -0.089278453328656,
    "laps_completed": 70.0
  },
  "MSC": {
    "mean_lap_delta_to_field": 0.06891666666666493,
    "lap_time_std": 8.351056576728025,
    "positions_gained": 1.0,
    "dnf_flag": 1.0,
    "deg_per_10_laps": -2.0679050567595274,
    "laps_completed": 18.0
  },
  "STR": {
    "mean_lap_delta_to_field": 0.19370000000000037,
    "lap_time_std": 10.210367112359437,
    "positions_gained": 6.0,
    "dnf_flag": 0.0,
    "deg_per_10_laps": -0.12202589449741538,
    "laps_completed": 70.0
  },
  "SAI": {
    "mean_lap_delta_to_field": -0.33814285714285736,
    "lap_time_std": 14.181560496647851,
    "positions_gained": 1.0,
    "dnf_flag": 0.0,
    "deg_per_10_laps": 0.396744991689274,
    "laps_completed": 70.0
  },
  "HAM": {
    "mean_lap_delta_to_field": -0.2522428571428561,
    "lap_time_std": 13.14129976397881,
    "positions_gained": 1.0,
    "dnf_flag": 0.0,
    "deg_per_10_laps": 0.2651927215466743,
    "laps_completed": 70.0
  },
  "ALO": {
    "mean_lap_delta_to_field": 0.004028571428570972,
    "lap_time_std": 11.800902729584982,
    "positions_gained": -5.0,
    "dnf_flag": 0.0,
    "deg_per_10_laps": 0.19989187297699823,
    "laps_completed": 70.0
  },
  "RIC": {
    "mean_lap_delta_to_field": 0.26262857142857104,
    "lap_time_std": 10.593049223317102,
    "positions_gained": -2.0,
    "dnf_flag": 0.0,
    "deg_per_10_laps": 0.0239975505205215,
    "laps_completed": 70.0
  },
  "GAS": {
    "mean_lap_delta_to_field": 0.2931428571428573,
    "lap_time_std": 9.743105126562389,
    "positions_gained": 3.0,
    "dnf_flag": 0.0,
    "deg_per_10_laps": -0.3042417986177888,
    "laps_completed": 70.0
  },
  "OCO": {
    "mean_lap_delta_to_field": -0.011042857142856275,
    "lap_time_std": 11.89270691666073,
    "positions_gained": 0.0,
    "dnf_flag": 0.0,
    "deg_per_10_laps": 0.09225562068061222,
    "laps_completed": 70.0
  },
  "LAT": {
    "mean_lap_delta_to_field": 0.5045000000000012,
    "lap_time_std": 8.668502252718348,
    "positions_gained": 4.0,
    "dnf_flag": 0.0,
    "deg_per_10_laps": -0.48340775085294085,
    "laps_completed": 70.0
  },
  "PER": {
    "mean_lap_delta_to_field": 0.00721428571428565,
    "lap_time_std": 4.403145353040257,
    "positions_gained": 1.0,
    "dnf_flag": 1.0,
    "deg_per_10_laps": -14.515357142857056,
    "laps_completed": 7.0
  },
  "LEC": {
    "mean_lap_delta_to_field": -0.135642857142857,
    "lap_time_std": 11.270172461024817,
    "positions_gained": 13.0,
    "dnf_flag": 0.0,
    "deg_per_10_laps": -0.12873431895722165,
    "laps_completed": 70.0
  },
  "NOR": {
    "mean_lap_delta_to_field": 0.32117142857142916,
    "lap_time_std": 10.437711253051141,
    "positions_gained": -1.0,
    "dnf_flag": 0.0,
    "deg_per_10_laps": -0.2654840346426362,
    "laps_completed": 70.0
  },
  "RUS": {
    "mean_lap_delta_to_field": -0.17642857142857074,
    "lap_time_std": 12.435760627857665,
    "positions_gained": 3.0,
    "dnf_flag": 0.0,
    "deg_per_10_laps": 0.2031367334441442,
    "laps_completed": 70.0
  },
  "BOT": {
    "mean_lap_delta_to_field": 0.008342857142858203,
    "lap_time_std": 11.314870824958952,
    "positions_gained": 5.0,
    "dnf_flag": 0.0,
    "deg_per_10_laps": -0.037782521214236614,
    "laps_completed": 70.0
  },
  "ALB": {
    "mean_lap_delta_to_field": 0.28900000000000026,
    "lap_time_std": 9.774291964105934,
    "positions_gained": -1.0,
    "dnf_flag": 0.0,
    "deg_per_10_laps": -0.2309257282827341,
    "laps_completed": 70.0
  },
  "VER": {
    "mean_lap_delta_to_field": -0.35232857142857055,
    "lap_time_std": 14.111090635364146,
    "positions_gained": 0.0,
    "dnf_flag": 0.0,
    "deg_per_10_laps": 0.420576852418869,
    "laps_completed": 70.0
  },
  "TSU": {
    "mean_lap_delta_to_field": 0.7616382978723416,
    "lap_time_std": 7.776324130013043,
    "positions_gained": 4.0,
    "dnf_flag": 1.0,
    "deg_per_10_laps": -1.2262257169287674,
    "laps_completed": 47.0
  },
  "MAG": {
    "mean_lap_delta_to_field": 0.6216714285714291,
    "lap_time_std": 10.381415190341068,
    "positions_gained": -12.0,
    "dnf_flag": 0.0,
    "deg_per_10_laps": -0.03161420698101104,
    "laps_completed": 70.0
  },
  "VET": {
    "mean_lap_delta_to_field": 0.2797428571428577,
    "lap_time_std": 10.252970041810364,
    "positions_gained": 3.0,
    "dnf_flag": 0.0,
    "deg_per_10_laps": -0.09413594611145047,
    "laps_completed": 70.0
  }
}