{
  "OCO": {
    "mean_lap_delta_to_field": -1.1570833333333337,
    "lap_time_std": 6.775476906044906,
    "positions_gained": 2.0,
    "dnf_flag": 0.0,
    "deg_per_10_laps": -4.834453870625649,
    "laps_completed": 28.0
  },
  "LAT": {
    "mean_lap_delta_to_field": 0.6910000000000002,
    "lap_time_std": 11.172982778410905,
    "positions_gained": 8.0,
    "dnf_flag": 0.0,
    "deg_per_10_laps": -7.368663838812294,
    "laps_completed": 28.0
  },
  "ZHO": {
    "mean_lap_delta_to_field": 1.8146666666666664,
    "lap_time_std": 12.961597802237053,
    "positions_gained": 3.0,
    "dnf_flag": 0.0,
    "deg_per_10_laps": -9.489345174973495,
    "laps_completed": 28.0
  },
  "HAM": {
    "mean_lap_delta_to_field": -0.9893749999999985,
    "lap_time_std": 7.446152794092465,
    "positions_gained": 2.0,
    "dnf_flag": 0.0,
    "deg_per_10_laps": -5.3213388123011685,
    "laps_completed": 28.0
  },
  "ALO": {
    "mean_lap_delta_to_field": -0.6443333333333315,
    "lap_time_std": 8.649595387621613,
    "positions_gained": 2.0,
    "dnf_flag": 0.0,
    "deg_per_10_laps": -6.212195121951217,
    "laps_completed": 28.0
  },
  "STR": {
    "mean_lap_delta_to_field": 0.8437916666666675,
    "lap_time_std": 10.08688011537544,
    "positions_gained": 1.0,
    "dnf_flag": 0.0,
    "deg_per_10_laps": -7.97119565217391,
    "laps_completed": 28.0
  },
  "RIC": {
    "mean_lap_delta_to_field": 0.6449583333333356,
    "lap_time_std": 8.77596091346755,
    "positions_gained": -1.0,
    "dnf_flag": 0.0,
    "deg_per_10_laps": -7.0747375397667,
    "laps_completed": 28.0
  },
  "MSC": {
    "mean_lap_delta_to_field": 1.5721666666666672,
    "lap_time_std": 8.98443960774501,
    "positions_gained": -6.0,
    "dnf_flag": 0.0,
    "deg_per_10_laps": -7.1464422057263945,
    "laps_completed": 28.0
  },
  "PER": {
    "mean_lap_delta_to_field": -1.8778749999999989,
    "lap_time_std": 6.251406443347563,
    "positions_gained": 2.0,
    "dnf_flag": 0.0,
    "deg_per_10_laps": -3.9581442205726347,
    "laps_completed": 28.0
  },
  "LEC": {
    "mean_lap_delta_to_field": -1.9479999999999997,
    "lap_time_std": 6.0042275969713135,
    "positions_gained": 2.0,
    "dnf_flag": 0.0,
    "deg_per_10_laps": -3.053610816542956,
    "laps_completed": 28.0
  },
  "TSU": {
    "mean_lap_delta_to_field": 0.840541666666668,
    "lap_time_std": 9.717427293326507,
    "positions_gained": -2.0,
    "dnf_flag": 0.0,
    "deg_per_10_laps": -7.453043478260879,
    "laps_completed": 28.0
  },
  "NOR": {
    "mean_lap_delta_to_field": 0.7865833333333327,
    "lap_time_std": 10.147163598831419,
    "positions_gained": 5.0,
    "dnf_flag": 0.0,
    "deg_per_10_laps": -7.652142099681879,
    "laps_completed": 28.0
  },
  "RUS": {
    "mean_lap_delta_to_field": -0.47987499999999983,
    "lap_time_std": 8.942049886469068,
    "positions_gained": 1.0,
    "dnf_flag": 0.0,
    "deg_per_10_laps": -7.479557264050877,
    "laps_completed": 28.0
  },
  "BOT": {
    "mean_lap_delta_to_field": 1.4255833333333332,
    "lap_time_std": 10.541905349878506,
    "positions_gained": 1.0,
    "dnf_flag": 0.0,
    "deg_per_10_laps": -8.009851537645808,
    "laps_completed": 28.0
  },
  "GAS": {
    "mean_lap_delta_to_field": 1.9520000000000006,
    "lap_time_std": 13.447628337584188,
    "positions_gained": 3.0,
    "dnf_flag": 0.0,
    "deg_per_10_laps": -9.863085896076347,
    "laps_completed": 28.0
  },
  "VER": {
    "mean_lap_delta_to_field": -3.1417916666666663,
    "lap_time_std": 5.731765419508669,
    "positions_gained": 0.0,
    "dnf_flag": 0.0,
    "deg_per_10_laps": -3.1927518557794214,
    "laps_completed": 28.0
  },
  "MAG": {
    "mean_lap_delta_to_field": 1.3880833333333331,
    "lap_time_std": 9.797926367423324,
    "positions_gained": 0.0,
    "dnf_flag": 0.0,
    "deg_per_10_laps": -7.521556203605498,
    "laps_completed": 28.0
  },
  "VET": {
    "mean_lap_delta_to_field": -0.17325000000000065,
    "lap_time_std": 11.836736659807181,
    "positions_gained": 11.0,
    "dnf_flag": 0.0,
    "deg_per_10_laps": -8.095790031813356,
    "laps_completed": 28.0
  }
}