{
  "ZHO": {
    "mean_lap_delta_to_field": 0.7720785714285725,
    "lap_time_std": 3.2232828689410913,
    "positions_gained": -1.0,
    "dnf_flag": 0.0,
    "deg_per_10_laps": -0.0730170588749881,
    "laps_completed": 70.0
  },
  "MSC": {
    "mean_lap_delta_to_field": 1.098535714285715,
    "lap_time_std": 3.374101882832672,
    "positions_gained": 1.0,
    "dnf_flag": 0.0,
    "deg_per_10_laps": -0.32233907794593925,
    "laps_completed": 70.0
  },
  "STR": {
    "mean_lap_delta_to_field": 0.970950000000001,
    "lap_time_std": 4.056775770405082,
    "positions_gained": 0.0,
    "dnf_flag": 0.0,
    "deg_per_10_laps": -0.3123821187997562,
    "laps_completed": 70.0
  },
  "SAI": {
    "mean_lap_delta_to_field": -0.38046478873239464,
    "lap_time_std": 3.211921101361024,
    "positions_gained": 0.0,
    "dnf_flag": 0.0,
    "deg_per_10_laps": -0.12789637826962358,
    "laps_completed": 71.0
  },
  "HAM": {
    "mean_lap_delta_to_field": -0.9852112676056338,
    "lap_time_std": 2.8393647033645175,
    "positions_gained": 0.0,
    "dnf_flag": 0.0,
    "deg_per_10_laps": -0.02834607645875987,
    "laps_completed": 71.0
  },
  "ALO": {
    "mean_lap_delta_to_field": 0.5540952380952388,
    "lap_time_std": 2.7798412994776562,
    "positions_gained": -2.0,
    "dnf_flag": 1.0,
    "deg_per_10_laps": 0.05755904377880493,
    "laps_completed": 63.0
  },
  "RIC": {
    "mean_lap_delta_to_field": 0.29357857142857124,
    "lap_time_std": 3.011143380919529,
    "positions_gained": 6.0,
    "dnf_flag": 0.0,
    "deg_per_10_laps": -0.24315632928001832,
    "laps_completed": 70.0
  },
  "GAS": {
    "mean_lap_delta_to_field": 0.5859642857142859,
    "lap_time_std": 3.8473548128691837,
    "positions_gained": 5.0,
    "dnf_flag": 0.0,
    "deg_per_10_laps": -0.29207400927302973,
    "laps_completed": 70.0
  },
  "OCO": {
    "mean_lap_delta_to_field": 0.4677500000000003,
    "lap_time_std": 3.0165475081186877,
    "positions_gained": 1.0,
    "dnf_flag": 0.0,
    "deg_per_10_laps": -0.05630653486133794,
    "laps_completed": 70.0
  },
  "LAT": {
    "mean_lap_delta_to_field": 1.9850362318840584,
    "lap_time_std": 4.056331689987721,
    "positions_gained": 2.0,
    "dnf_flag": 1.0,
    "deg_per_10_laps": -0.08651881622214966,
    "laps_completed": 69.0
  },
  "PER": {
    "mean_lap_delta_to_field": -0.9442112676056335,
    "lap_time_std": 3.068046917851949,
    "positions_gained": 0.0,
    "dnf_flag": 0.0,
    "deg_per_10_laps": -0.10281790744467237,
    "laps_completed": 71.0
  },
  "LEC": {
    "mean_lap_delta_to_field": -0.23045070422535244,
    "lap_time_std": 3.1239993565747226,
    "positions_gained": 0.0,
    "dnf_flag": 0.0,
    "deg_per_10_laps": -0.10202079141516247,
    "laps_completed": 71.0
  },
  "NOR": {
    "mean_lap_delta_to_field": 0.5286785714285709,
    "lap_time_std": 3.101443868684458,
    "positions_gained": 1.0,
    "dnf_flag": 0.0,
    "deg_per_10_laps": -0.10584603271804884,
    "laps_completed": 70.0
  },
  "RUS": {
    "mean_lap_delta_to_field": -0.5028873239436608,
    "lap_time_std": 4.159445865091617,
    "positions_gained": 0.0,
    "dnf_flag": 0.0,
    "deg_per_10_laps": 0.24424346076458034,
    "laps_completed": 71.0
  },
  "BOT": {
    "mean_lap_delta_to_field": 0.5770357142857142,
    "lap_time_std": 3.2568561507609566,
    "positions_gained": -2.0,
    "dnf_flag": 0.0,
    "deg_per_10_laps": 0.08248377219841395,
    "laps_completed": 70.0
  },
  "ALB": {
    "mean_lap_delta_to_field": 0.6130928571428581,
    "lap_time_std": 3.3479711830674597,
    "positions_gained": 7.0,
    "dnf_flag": 0.0,
    "deg_per_10_laps": -0.3190328055288286,
    "laps_completed": 70.0
  },
  "VER": {
    "mean_lap_delta_to_field": -1.1990985915492958,
    "lap_time_std": 2.673056944054304,
    "positions_gained": 0.0,
    "dnf_flag": 0.0,
    "deg_per_10_laps": -0.06943091884641914,
    "laps_completed": 71.0
  },
  "TSU": {
    "mean_lap_delta_to_field": 1.0643000000000002,
    "lap_time_std": 4.337181625085532,
    "positions_gained": -5.0,
    "dnf_flag": 1.0,
    "deg_per_10_laps": 0.1984048019207618,
    "laps_completed": 50.0
  },
  "MAG": {
    "mean_lap_delta_to_field": 1.1204214285714287,
    "lap_time_std": 3.5048301732720586,
    "positions_gained": 1.0,
    "dnf_flag": 0.0,
    "deg_per_10_laps": -0.35173843058349114,
    "laps_completed": 70.0
  },
  "VET": {
    "mean_lap_delta_to_field": 0.8215928571428573,
    "lap_time_std": 3.2588406034787893,
    "positions_gained": 0.0,
    "dnf_flag": 0.0,
    "deg_per_10_laps": -0.11377359811039706,
    "laps_completed": 70.0
  }
}