{
  "ZHO": {
    "mean_lap_delta_to_field": 1.8612678571428576,
    "lap_time_std": 5.36926228503039,
    "positions_gained": 2.0,
    "dnf_flag": 1.0,
    "deg_per_10_laps": 0.21726600985220998,
    "laps_completed": 28.0
  },
  "MSC": {
    "mean_lap_delta_to_field": 1.4087769230769212,
    "lap_time_std": 3.428077818236424,
    "positions_gained": -8.0,
    "dnf_flag": 0.0,
    "deg_per_10_laps": -0.3121184440559478,
    "laps_completed": 65.0
  },
  "STR": {
    "mean_lap_delta_to_field": 1.6993615384615377,
    "lap_time_std": 4.844596535058418,
    "positions_gained": -1.0,
    "dnf_flag": 0.0,
    "deg_per_10_laps": -0.6816407342657422,
    "laps_completed": 65.0
  },
  "SAI": {
    "mean_lap_delta_to_field": 0.07023484848484816,
    "lap_time_std": 4.376152477629091,
    "positions_gained": 1.0,
    "dnf_flag": 0.0,
    "deg_per_10_laps": -0.6818751696065123,
    "laps_completed": 66.0
  },
  "HAM": {
    "mean_lap_delta_to_field": 0.21153787878787836,
    "lap_time_std": 5.7478900935884285,
    "positions_gained": 14.0,
    "dnf_flag": 0.0,
    "deg_per_10_laps": -0.9960619977037948,
    "laps_completed": 66.0
  },
  "ALO": {
    "mean_lap_delta_to_field": 0.8457615384615381,
    "lap_time_std": 4.256412504974114,
    "positions_gained": 6.0,
    "dnf_flag": 0.0,
    "deg_per_10_laps": -0.6495192307692316,
    "laps_completed": 65.0
  },
  "RIC": {
    "mean_lap_delta_to_field": 1.3508384615384608,
    "lap_time_std": 4.097740938262864,
    "positions_gained": -4.0,
    "dnf_flag": 0.0,
    "deg_per_10_laps": -0.5242207167832245,
    "laps_completed": 65.0
  },
  "GAS": {
    "mean_lap_delta_to_field": 1.370376923076922,
    "lap_time_std": 4.464798031869372,
    "positions_gained": -1.0,
    "dnf_flag": 0.0,
    "deg_per_10_laps": -0.6655270979021009,
    "laps_completed": 65.0
  },
  "OCO": {
    "mean_lap_delta_to_field": 0.527643939393938,
    "lap_time_std": 3.9610350708664503,
    "positions_gained": 2.0,
    "dnf_flag": 0.0,
    "deg_per_10_laps": -0.5138941655359547,
    "laps_completed": 66.0
  },
  "LAT": {
    "mean_lap_delta_to_field": 2.2021171875,
    "lap_time_std": 4.317708270836923,
    "positions_gained": 2.0,
    "dnf_flag": 1.0,
    "deg_per_10_laps": -0.5547305402930492,
    "laps_completed": 64.0
  },
  "PER": {
    "mean_lap_delta_to_field": -0.4166742424242431,
    "lap_time_std": 3.9703140241190713,
    "positions_gained": 2.0,
    "dnf_flag": 0.0,
    "deg_per_10_laps": -0.4559363323243928,
    "laps_completed": 66.0
  },
  "LEC": {
    "mean_lap_delta_to_field": -0.4487592592592588,
    "lap_time_std": 5.250089336100583,
    "positions_gained": -3.0,
    "dnf_flag": 1.0,
    "deg_per_10_laps": 2.6575702075702368,
    "laps_completed": 27.0
  },
  "NOR": {
    "mean_lap_delta_to_field": 0.6464015151515149,
    "lap_time_std": 4.18850345188273,
    "positions_gained": 2.0,
    "dnf_flag": 0.0,
    "deg_per_10_laps": -0.6022244024632074,
    "laps_completed": 66.0
  },
  "RUS": {
    "mean_lap_delta_to_field": -0.11584090909090886,
    "lap_time_std": 3.6898527712082867,
    "positions_gained": 0.0,
    "dnf_flag": 0.0,
    "deg_per_10_laps": -0.30960442542531785,
    "laps_completed": 66.0
  },
  "BOT": {
    "mean_lap_delta_to_field": 0.293992424242422,
    "lap_time_std": 3.3857422537888042,
    "positions_gained": 1.0,
    "dnf_flag": 0.0,
    "deg_per_10_laps": -0.2973737605677892,
    "laps_completed": 66.0
  },
  "ALB": {
    "mean_lap_delta_to_field": 2.9188671875,
    "lap_time_std": 4.790356759023302,
    "positions_gained": -2.0,
    "dnf_flag": 1.0,
    "deg_per_10_laps": -0.2987754120879176,
    "laps_completed": 64.0
  },
  "VER": {
    "mean_lap_delta_to_field": -0.61473484848485,
    "lap_time_std": 3.850251322193917,
    "positions_gained": 1.0,
    "dnf_flag": 0.0,
    "deg_per_10_laps": -0.5143749086734193,
    "laps_completed": 66.0
  },
  "TSU": {
    "mean_lap_delta_to_field": 0.9041923076923076,
    "lap_time_std": 4.16913604198022,
    "positions_gained": 1.0,
    "dnf_flag": 0.0,
    "deg_per_10_laps": -0.6002438811188878,
    "laps_completed": 65.0
  },
  "MAG": {
    "mean_lap_delta_to_field": 2.3302421875,
    "lap_time_std": 7.059573721459411,
    "positions_gained": 3.0,
    "dnf_flag": 1.0,
    "deg_per_10_laps": -0.8218733974359014,
    "laps_completed": 64.0
  },
  "VET": {
    "mean_lap_delta_to_field": 1.1500076923076914,
    "lap_time_std": 3.514204815062939,
    "positions_gained": 2.0,
    "dnf_flag": 0.0,
    "deg_per_10_laps": -0.5544418706293751,
    "laps_completed": 65.0
  }
}