{
  "ZHO": {
    "mean_lap_delta_to_field": 0.5362916666666668,
    "lap_time_std": 10.192216941745196,
    "positions_gained": -2.0,
    "dnf_flag": 0.0,
    "deg_per_10_laps": 0.5947139687439749,
    "laps_completed": 72.0
  },
  "MSC": {
    "mean_lap_delta_to_field": 0.476222222222222,
    "lap_time_std": 10.605805998284122,
    "positions_gained": -4.0,
    "dnf_flag": 0.0,
    "deg_per_10_laps": 0.48370409672647935,
    "laps_completed": 72.0
  },
  "STR": {
    "mean_lap_delta_to_field": 0.32988888888888784,
    "lap_time_std": 10.64694363867257,
    "positions_gained": -2.0,
    "dnf_flag": 0.0,
    "deg_per_10_laps": 0.9716814586146966,
    "laps_completed": 72.0
  },
  "SAI": {
    "mean_lap_delta_to_field": 0.23901388888888933,
    "lap_time_std": 11.346752894007873,
    "positions_gained": -2.0,
    "dnf_flag": 0.0,
    "deg_per_10_laps": 1.076311820695869,
    "laps_completed": 72.0
  },
  "HAM": {
    "mean_lap_delta_to_field": 0.1987361111111109,
    "lap_time_std": 14.333895012025405,
    "positions_gained": 0.0,
    "dnf_flag": 0.0,
    "deg_per_10_laps": 1.491134960447621,
    "laps_completed": 72.0
  },
  "ALO": {
    "mean_lap_delta_to_field": 0.2784305555555561,
    "lap_time_std": 11.404966195203405,
    "positions_gained": 6.0,
    "dnf_flag": 0.0,
    "deg_per_10_laps": 0.9493149077111058,
    "laps_completed": 72.0
  },
  "RIC": {
    "mean_lap_delta_to_field": 0.5424583333333326,
    "lap_time_std": 10.291843883887896,
    "positions_gained": 0.0,
    "dnf_flag": 0.0,
    "deg_per_10_laps": 0.3372761913949447,
    "laps_completed": 72.0
  },
  "GAS": {
    "mean_lap_delta_to_field": 0.39308333333333223,
    "lap_time_std": 9.4031605993641,
    "positions_gained": 1.0,
    "dnf_flag": 0.0,
    "deg_per_10_laps": 0.7006765708405731,
    "laps_completed": 72.0
  },
  "OCO": {
    "mean_lap_delta_to_field": 0.31125000000000014,
    "lap_time_std": 10.6947128668507,
    "positions_gained": 0.0,
    "dnf_flag": 0.0,
    "deg_per_10_laps": 0.9927304006688582,
    "laps_completed": 72.0
  },
  "LAT": {
    "mean_lap_delta_to_field": 0.594928571428572,
    "lap_time_std": 9.143259761714438,
    "positions_gained": 2.0,
    "dnf_flag": 0.0,
    "deg_per_10_laps": 0.21346537366697316,
    "laps_completed": 71.0
  },
  "PER": {
    "mean_lap_delta_to_field": 0.27029166666666704,
    "lap_time_std": 12.323821635707189,
    "positions_gained": -1.0,
    "dnf_flag": 0.0,
    "deg_per_10_laps": 1.2924276480802623,
    "laps_completed": 72.0
  },
  "LEC": {
    "mean_lap_delta_to_field": 0.16974999999999932,
    "lap_time_std": 12.715425560778758,
    "positions_gained": -1.0,
    "dnf_flag": 0.0,
    "deg_per_10_laps": 1.425783008553606,
    "laps_completed": 72.0
  },
  "NOR": {
    "mean_lap_delta_to_field": 0.2860972222222211,
    "lap_time_std": 11.626959802620824,
    "positions_gained": -2.0,
    "dnf_flag": 0.0,
    "deg_per_10_laps": 1.0695872724934103,
    "laps_completed": 72.0
  },
  "RUS": {
    "mean_lap_delta_to_field": 0.07450000000000007,
    "lap_time_std": 14.398419238896667,
    "positions_gained": 5.0,
    "dnf_flag": 0.0,
    "deg_per_10_laps": 1.3448668724676849,
    "laps_completed": 72.0
  },
  "BOT": {
    "mean_lap_delta_to_field": 1.4700377358490557,
    "lap_time_std": 6.193919321183437,
    "positions_gained": 6.0,
    "dnf_flag": 1.0,
    "deg_per_10_laps": 0.5051507821319143,
    "laps_completed": 53.0
  },
  "ALB": {
    "mean_lap_delta_to_field": 0.4400416666666668,
    "lap_time_std": 10.801324600120827,
    "positions_gained": 4.0,
    "dnf_flag": 0.0,
    "deg_per_10_laps": 0.6418198919544682,
    "laps_completed": 72.0
  },
  "VER": {
    "mean_lap_delta_to_field": -0.3577605633802816,
    "lap_time_std": 12.46010326198769,
    "positions_gained": 0.0,
    "dnf_flag": 0.0,
    "deg_per_10_laps": 1.0469068237130916,
    "laps_completed": 72.0
  },
  "TSU": {
    "mean_lap_delta_to_field": 0.8579285714285705,
    "lap_time_std": 3.2429192001102454,
    "positions_gained": 0.0,
    "dnf_flag": 1.0,
    "deg_per_10_laps": -0.7058342111660534,
    "laps_completed": 42.0
  },
  "MAG": {
    "mean_lap_delta_to_field": 0.5300277777777777,
    "lap_time_std": 10.371211318153263,
    "positions_gained": 0.0,
    "dnf_flag": 0.0,
    "deg_per_10_laps": 0.3991198790919009,
    "laps_completed": 72.0
  },
  "VET": {
    "mean_lap_delta_to_field": 0.44861111111111185,
    "lap_time_std": 9.909880093676637,
    "positions_gained": 5.0,
    "dnf_flag": 0.0,
    "deg_per_10_laps": 0.38938259695158084,
    "laps_completed": 72.0
  }
}