{
  "OCO": {
    "mean_lap_delta_to_field": 0.3198510638297882,
    "lap_time_std": 10.657424300661457,
    "positions_gained": -1.0,
    "dnf_flag": 0.0,
    "deg_per_10_laps": -0.5844747761700637,
    "laps_completed": 50.0
  },
  "LAT": {
    "mean_lap_delta_to_field": 1.5362142857142882,
    "lap_time_std": 2.2611199354827165,
    "positions_gained": 2.0,
    "dnf_flag": 1.0,
    "deg_per_10_laps": -2.934989010988989,
    "laps_completed": 14.0
  },
  "ZHO": {
    "mean_lap_delta_to_field": 0.7372446808510634,
    "lap_time_std": 9.935047060826266,
    "positions_gained": 7.0,
    "dnf_flag": 0.0,
    "deg_per_10_laps": -0.4939242309548065,
    "laps_completed": 50.0
  },
  "HAM": {
    "mean_lap_delta_to_field": 0.609166666666666,
    "lap_time_std": 12.599223527644737,
    "positions_gained": 4.0,
    "dnf_flag": 0.0,
    "deg_per_10_laps": -0.5458573824521293,
    "laps_completed": 50.0
  },
  "ALO": {
    "mean_lap_delta_to_field": -0.29765625000000107,
    "lap_time_std": 10.328727620284708,
    "positions_gained": 0.0,
    "dnf_flag": 1.0,
    "deg_per_10_laps": -1.0305782834702373,
    "laps_completed": 35.0
  },
  "STR": {
    "mean_lap_delta_to_field": 1.770829787234043,
    "lap_time_std": 11.008725187774672,
    "positions_gained": -1.0,
    "dnf_flag": 0.0,
    "deg_per_10_laps": -0.22091765329642382,
    "laps_completed": 49.0
  },
  "RIC": {
    "mean_lap_delta_to_field": 0.7651060606060587,
    "lap_time_std": 11.626960442303652,
    "positions_gained": 2.0,
    "dnf_flag": 1.0,
    "deg_per_10_laps": -1.658500373590535,
    "laps_completed": 35.0
  },
  "PER": {
    "mean_lap_delta_to_field": -1.4212340425531917,
    "lap_time_std": 11.45301172708391,
    "positions_gained": -3.0,
    "dnf_flag": 0.0,
    "deg_per_10_laps": -0.2524555522323669,
    "laps_completed": 50.0
  },
  "LEC": {
    "mean_lap_delta_to_field": -2.158234042553191,
    "lap_time_std": 10.523461104632903,
    "positions_gained": 0.0,
    "dnf_flag": 0.0,
    "deg_per_10_laps": -0.044153353106373,
    "laps_completed": 50.0
  },
  "NOR": {
    "mean_lap_delta_to_field": 0.49961458333333475,
    "lap_time_std": 12.38639395200672,
    "positions_gained": 4.0,
    "dnf_flag": 0.0,
    "deg_per_10_laps": -1.0706625093962783,
    "laps_completed": 50.0
  },
  "RUS": {
    "mean_lap_delta_to_field": -0.9543404255319149,
    "lap_time_std": 10.57464785971981,
    "positions_gained": 1.0,
    "dnf_flag": 0.0,
    "deg_per_10_laps": -0.21697127926491871,
    "laps_completed": 50.0
  },
  "BOT": {
    "mean_lap_delta_to_field": 1.2348125000000003,
    "lap_time_std": 8.259168556272924,
    "positions_gained": -7.0,
    "dnf_flag": 1.0,
    "deg_per_10_laps": 0.7920141752577339,
    "laps_completed": 36.0
  },
  "GAS": {
    "mean_lap_delta_to_field": 0.632281250000001,
    "lap_time_std": 12.073952385707122,
    "positions_gained": 2.0,
    "dnf_flag": 0.0,
    "deg_per_10_laps": -0.9992451846523054,
    "laps_completed": 50.0
  },
  "ALB": {
    "mean_lap_delta_to_field": 1.1444565217391307,
    "lap_time_std": 12.563765011886883,
    "positions_gained": 3.0,
    "dnf_flag": 1.0,
    "deg_per_10_laps": -1.2049264433367877,
    "laps_completed": 47.0
  },
  "SAI": {
    "mean_lap_delta_to_field": -1.8273191489361702,
    "lap_time_std": 10.594720320637323,
    "positions_gained": 1.0,
    "dnf_flag": 0.0,
    "deg_per_10_laps": -0.18973262798466245,
    "laps_completed": 50.0
  },
  "HUL": {
    "mean_lap_delta_to_field": 1.0587234042553193,
    "lap_time_std": 10.512260574127405,
    "positions_gained": 4.0,
    "dnf_flag": 0.0,
    "deg_per_10_laps": -0.4086296267154694,
    "laps_completed": 50.0
  },
  "VER": {
    "mean_lap_delta_to_field": -2.0918723404255313,
    "lap_time_std": 10.555688068761569,
    "positions_gained": 2.0,
    "dnf_flag": 0.0,
    "deg_per_10_laps": -0.15143487363542044,
    "laps_completed": 50.0
  },
  "MAG": {
    "mean_lap_delta_to_field": 0.38295833333333373,
    "lap_time_std": 13.376452362038409,
    "positions_gained": 0.0,
    "dnf_flag": 0.0,
    "deg_per_10_laps": -0.7882345164981769,
    "laps_completed": 50.0
  }
}