{
  "ZHO": {
    "mean_lap_delta_to_field": 2.812750000000001,
    "lap_time_std": 7.1409279695755865,
    "positions_gained": -1.0,
    "dnf_flag": 1.0,
    "deg_per_10_laps": -29.91085714285717,
    "laps_completed": 6.0
  },
  "MSC": {
    "mean_lap_delta_to_field": 1.29973,
    "lap_time_std": 10.05101885675157,
    "positions_gained": 1.0,
    "dnf_flag": 0.0,
    "deg_per_10_laps": -3.1037978772558,
    "laps_completed": 58.0
  },
  "STR": {
    "mean_lap_delta_to_field": 0.1662169811320744,
    "lap_time_std": 9.540607734679426,
    "positions_gained": 4.0,
    "dnf_flag": 0.0,
    "deg_per_10_laps": -3.416256520343954,
    "laps_completed": 59.0
  },
  "SAI": {
    "mean_lap_delta_to_field": -2.0914215686274495,
    "lap_time_std": 7.179666128946193,
    "positions_gained": 0.0,
    "dnf_flag": 0.0,
    "deg_per_10_laps": -2.9711448603295825,
    "laps_completed": 59.0
  },
  "HAM": {
    "mean_lap_delta_to_field": -0.7089019607843144,
    "lap_time_std": 7.611029721784194,
    "positions_gained": -5.0,
    "dnf_flag": 0.0,
    "deg_per_10_laps": -2.336434168876101,
    "laps_completed": 59.0
  },
  "ALO": {
    "mean_lap_delta_to_field": -1.4915833333333326,
    "lap_time_std": 4.522636272095428,
    "positions_gained": 0.0,
    "dnf_flag": 1.0,
    "deg_per_10_laps": -3.717233453569335,
    "laps_completed": 20.0
  },
  "RIC": {
    "mean_lap_delta_to_field": 0.14640566037735908,
    "lap_time_std": 9.662118890431344,
    "positions_gained": 8.0,
    "dnf_flag": 0.0,
    "deg_per_10_laps": -3.454978638334376,
    "laps_completed": 59.0
  },
  "GAS": {
    "mean_lap_delta_to_field": 0.5394903846153857,
    "lap_time_std": 8.987464770697288,
    "positions_gained": -3.0,
    "dnf_flag": 0.0,
    "deg_per_10_laps": -2.8068933681367,
    "laps_completed": 59.0
  },
  "OCO": {
    "mean_lap_delta_to_field": 1.04472916666667,
    "lap_time_std": 8.820816016016082,
    "positions_gained": 2.0,
    "dnf_flag": 1.0,
    "deg_per_10_laps": 0.29015880429703256,
    "laps_completed": 26.0
  },
  "LAT": {
    "mean_lap_delta_to_field": 2.761249999999997,
    "lap_time_std": 6.93363017233157,
    "positions_gained": -1.0,
    "dnf_flag": 1.0,
    "deg_per_10_laps": -28.432857142857163,
    "laps_completed": 6.0
  },
  "PER": {
    "mean_lap_delta_to_field": -3.038382352941177,
    "lap_time_std": 7.149692117819323,
    "positions_gained": 0.0,
    "dnf_flag": 0.0,
    "deg_per_10_laps": -2.8268526441959487,
    "laps_completed": 59.0
  },
  "LEC": {
    "mean_lap_delta_to_field": -2.30351923076923,
    "lap_time_std": 8.51620570036445,
    "positions_gained": 0.0,
    "dnf_flag": 0.0,
    "deg_per_10_laps": -2.6221166468712913,
    "laps_completed": 59.0
  },
  "NOR": {
    "mean_lap_delta_to_field": -1.285584905660378,
    "lap_time_std": 9.366553348013882,
    "positions_gained": 1.0,
    "dnf_flag": 0.0,
    "deg_per_10_laps": -2.9114607948820885,
    "laps_completed": 59.0
  },
  "RUS": {
    "mean_lap_delta_to_field": 2.2707884615384604,
    "lap_time_std": 10.878721155766282,
    "positions_gained": 5.0,
    "dnf_flag": 1.0,
    "deg_per_10_laps": -2.8882873380952616,
    "laps_completed": 57.0
  },
  "BOT": {
    "mean_lap_delta_to_field": 1.3853796296296295,
    "lap_time_std": 10.334317371975944,
    "positions_gained": 5.0,
    "dnf_flag": 0.0,
    "deg_per_10_laps": -3.0902851458886,
    "laps_completed": 59.0
  },
  "ALB": {
    "mean_lap_delta_to_field": 1.938891304347827,
    "lap_time_std": 9.519416292058146,
    "positions_gained": 4.0,
    "dnf_flag": 1.0,
    "deg_per_10_laps": -2.169749961767862,
    "laps_completed": 24.0
  },
  "VER": {
    "mean_lap_delta_to_field": -0.2612019230769235,
    "lap_time_std": 9.647950688549756,
    "positions_gained": 5.0,
    "dnf_flag": 0.0,
    "deg_per_10_laps": -2.97271030995696,
    "laps_completed": 59.0
  },
  "TSU": {
    "mean_lap_delta_to_field": 0.8532833333333334,
    "lap_time_std": 9.175485366973247,
    "positions_gained": -3.0,
    "dnf_flag": 1.0,
    "deg_per_10_laps": -0.15054375251399607,
    "laps_completed": 33.0
  },
  "MAG": {
    "mean_lap_delta_to_field": 0.818361111111111,
    "lap_time_std": 9.742571890931318,
    "positions_gained": -1.0,
    "dnf_flag": 0.0,
    "deg_per_10_laps": -2.7900123912033807,
    "laps_completed": 59.0
  },
  "VET": {
    "mean_lap_delta_to_field": 0.4234519230769235,
    "lap_time_std": 9.154772718692685,
    "positions_gained": 0.0,
    "dnf_flag": 0.0,
    "deg_per_10_laps": -2.941110718101147,
    "laps_completed": 59.0
  }
}