{
  "ZHO": {
    "mean_lap_delta_to_field": 1.8613936170212766,
    "lap_time_std": 9.879421258943053,
    "positions_gained": 3.0,
    "dnf_flag": 1.0,
    "deg_per_10_laps": -1.4677439870490239,
    "laps_completed": 47.0
  },
  "MSC": {
    "mean_lap_delta_to_field": 0.5906509433962268,
    "lap_time_std": 9.249098071667982,
    "positions_gained": -1.0,
    "dnf_flag": 0.0,
    "deg_per_10_laps": -1.0133825189485492,
    "laps_completed": 53.0
  },
  "STR": {
    "mean_lap_delta_to_field": 0.25395283018867937,
    "lap_time_std": 9.530302854693396,
    "positions_gained": 0.0,
    "dnf_flag": 0.0,
    "deg_per_10_laps": -0.6536937590711199,
    "laps_completed": 53.0
  },
  "SAI": {
    "mean_lap_delta_to_field": -0.3814622641509442,
    "lap_time_std": 10.663868460906853,
    "positions_gained": 13.0,
    "dnf_flag": 0.0,
    "deg_per_10_laps": -0.8918545395903845,
    "laps_completed": 53.0
  },
  "HAM": {
    "mean_lap_delta_to_field": -1.2329519230769235,
    "lap_time_std": 9.029190169786652,
    "positions_gained": 1.0,
    "dnf_flag": 0.0,
    "deg_per_10_laps": -0.24269008218084823,
    "laps_completed": 53.0
  },
  "ALO": {
    "mean_lap_delta_to_field": -0.39862500000000023,
    "lap_time_std": 8.15876848708598,
    "positions_gained": -1.0,
    "dnf_flag": 0.0,
    "deg_per_10_laps": -0.3341164623576898,
    "laps_completed": 53.0
  },
  "RIC": {
    "mean_lap_delta_to_field": 0.2128773584905655,
    "lap_time_std": 9.560253935617913,
    "positions_gained": -1.0,
    "dnf_flag": 0.0,
    "deg_per_10_laps": -0.601223996129665,
    "laps_completed": 53.0
  },
  "GAS": {
    "mean_lap_delta_to_field": 0.308650943396226,
    "lap_time_std": 9.046709579524231,
    "positions_gained": 3.0,
    "dnf_flag": 0.0,
    "deg_per_10_laps": -0.8371867440735415,
    "laps_completed": 53.0
  },
  "OCO": {
    "mean_lap_delta_to_field": 0.14848113207547067,
    "lap_time_std": 9.8767717280017,
    "positions_gained": 1.0,
    "dnf_flag": 0.0,
    "deg_per_10_laps": -0.6743904208998588,
    "laps_completed": 53.0
  },
  "LAT": {
    "mean_lap_delta_to_field": 1.323487179487178,
    "lap_time_std": 8.87289005000097,
    "positions_gained": 1.0,
    "dnf_flag": 1.0,
    "deg_per_10_laps": 0.5511108865145733,
    "laps_completed": 40.0
  },
  "PER": {
    "mean_lap_delta_to_field": -1.027221153846154,
    "lap_time_std": 9.197834413706346,
    "positions_gained": 0.0,
    "dnf_flag": 0.0,
    "deg_per_10_laps": -0.26212049034157575,
    "laps_completed": 53.0
  },
  "LEC": {
    "mean_lap_delta_to_field": -2.0589411764705905,
    "lap_time_std": 1.1446826814346756,
    "positions_gained": 0.0,
    "dnf_flag": 1.0,
    "deg_per_10_laps": -0.6118382352941325,
    "laps_completed": 17.0
  },
  "NOR": {
    "mean_lap_delta_to_field": 0.05540566037735733,
    "lap_time_std": 10.158988188092627,
    "positions_gained": 0.0,
    "dnf_flag": 0.0,
    "deg_per_10_laps": -0.6068384131591684,
    "laps_completed": 53.0
  },
  "RUS": {
    "mean_lap_delta_to_field": -1.0745480769230775,
    "lap_time_std": 8.688417721246418,
    "positions_gained": 3.0,
    "dnf_flag": 0.0,
    "deg_per_10_laps": -0.34782395341007416,
    "laps_completed": 53.0
  },
  "BOT": {
    "mean_lap_delta_to_field": 0.5203113207547163,
    "lap_time_std": 9.3028748921541,
    "positions_gained": 2.0,
    "dnf_flag": 0.0,
    "deg_per_10_laps": -0.8630462828576092,
    "laps_completed": 53.0
  },
  "ALB": {
    "mean_lap_delta_to_field": 0.3674622641509428,
    "lap_time_std": 9.214071694077456,
    "positions_gained": -1.0,
    "dnf_flag": 0.0,
    "deg_per_10_laps": -0.6875133043057642,
    "laps_completed": 53.0
  },
  "VER": {
    "mean_lap_delta_to_field": -1.5412843137254915,
    "lap_time_std": 5.829321973689667,
    "positions_gained": 1.0,
    "dnf_flag": 0.0,
    "deg_per_10_laps": -0.0011569733477489492,
    "laps_completed": 53.0
  },
  "TSU": {
    "mean_lap_delta_to_field": 3.2225294117647034,
    "lap_time_std": 7.505103744825135,
    "positions_gained": 0.0,
    "dnf_flag": 1.0,
    "deg_per_10_laps": -1.2601225490195886,
    "laps_completed": 17.0
  },
  "MAG": {
    "mean_lap_delta_to_field": 0.4734324324324327,
    "lap_time_std": 10.247748067426981,
    "positions_gained": -1.0,
    "dnf_flag": 1.0,
    "deg_per_10_laps": -1.3494333807491654,
    "laps_completed": 37.0
  },
  "VET": {
    "mean_lap_delta_to_field": -0.12060576923076984,
    "lap_time_std": 6.565668496806303,
    "positions_gained": 0.0,
    "dnf_flag": 0.0,
    "deg_per_10_laps": -0.30341243811495217,
    "laps_completed": 53.0
  }
}