{
  "ZHO": {
    "mean_lap_delta_to_field": 0.28018750000000153,
    "lap_time_std": 7.058537517482942,
    "positions_gained": 9.0,
    "dnf_flag": 0.0,
    "deg_per_10_laps": 0.24445033894004942,
    "laps_completed": 57.0
  },
  "MSC": {
    "mean_lap_delta_to_field": 0.879201754385966,
    "lap_time_std": 8.201516303316046,
    "positions_gained": 2.0,
    "dnf_flag": 0.0,
    "deg_per_10_laps": 0.7141003370495247,
    "laps_completed": 57.0
  },
  "STR": {
    "mean_lap_delta_to_field": 1.11251754385965,
    "lap_time_std": 9.787733674059117,
    "positions_gained": 5.0,
    "dnf_flag": 0.0,
    "deg_per_10_laps": 0.6095313715322791,
    "laps_completed": 57.0
  },
  "SAI": {
    "mean_lap_delta_to_field": 0.4059385964912297,
    "lap_time_std": 12.01512764532002,
    "positions_gained": 1.0,
    "dnf_flag": 0.0,
    "deg_per_10_laps": 2.007020352605651,
    "laps_completed": 57.0
  },
  "HAM": {
    "mean_lap_delta_to_field": 0.47746491228070287,
    "lap_time_std": 11.190855132075155,
    "positions_gained": 1.0,
    "dnf_flag": 0.0,
    "deg_per_10_laps": 1.56798548094374,
    "laps_completed": 57.0
  },
  "ALO": {
    "mean_lap_delta_to_field": 0.7005350877192994,
    "lap_time_std": 8.361730202720171,
    "positions_gained": 0.0,
    "dnf_flag": 0.0,
    "deg_per_10_laps": 0.8499805548353712,
    "laps_completed": 57.0
  },
  "RIC": {
    "mean_lap_delta_to_field": 1.2722017543859667,
    "lap_time_std": 8.98628165169326,
    "positions_gained": 6.0,
    "dnf_flag": 0.0,
    "deg_per_10_laps": 0.35419432201192674,
    "laps_completed": 57.0
  },
  "GAS": {
    "mean_lap_delta_to_field": 0.6855113636363651,
    "lap_time_std": 4.704339379708002,
    "positions_gained": 0.0,
    "dnf_flag": 1.0,
    "deg_per_10_laps": -0.5574059196617236,
    "laps_completed": 44.0
  },
  "OCO": {
    "mean_lap_delta_to_field": 0.6484824561403523,
    "lap_time_std": 9.033227673699319,
    "positions_gained": 3.0,
    "dnf_flag": 0.0,
    "deg_per_10_laps": 0.9441807103966843,
    "laps_completed": 57.0
  },
  "LAT": {
    "mean_lap_delta_to_field": 1.3918508771929836,
    "lap_time_std": 7.986588110136733,
    "positions_gained": 2.0,
    "dnf_flag": 0.0,
    "deg_per_10_laps": 0.33793427534352904,
    "laps_completed": 57.0
  },
  "PER": {
    "mean_lap_delta_to_field": 0.5075446428571444,
    "lap_time_std": 11.754098233722019,
    "positions_gained": 3.0,
    "dnf_flag": 0.0,
    "deg_per_10_laps": 2.1960502392344443,
    "laps_completed": 56.0
  },
  "LEC": {
    "mean_lap_delta_to_field": -1.161663636363635,
    "lap_time_std": 10.234008616287618,
    "positions_gained": 0.0,
    "dnf_flag": 0.0,
    "deg_per_10_laps": 0.9883981885024882,
    "laps_completed": 57.0
  },
  "NOR": {
    "mean_lap_delta_to_field": 1.2960614035087727,
    "lap_time_std": 8.499685344463476,
    "positions_gained": 1.0,
    "dnf_flag": 0.0,
    "deg_per_10_laps": 0.448399014778333,
    "laps_completed": 57.0
  },
  "RUS": {
    "mean_lap_delta_to_field": 0.1592232142857158,
    "lap_time_std": 9.223276628732867,
    "positions_gained": 3.0,
    "dnf_flag": 0.0,
    "deg_per_10_laps": 1.0068541053339501,
    "laps_completed": 57.0
  },
  "BOT": {
    "mean_lap_delta_to_field": 0.5905175438596497,
    "lap_time_std": 9.828384195933845,
    "positions_gained": 8.0,
    "dnf_flag": 0.0,
    "deg_per_10_laps": 0.8450771324863847,
    "laps_completed": 57.0
  },
  "ALB": {
    "mean_lap_delta_to_field": 1.2539035087719312,
    "lap_time_std": 8.808554795991506,
    "positions_gained": -2.0,
    "dnf_flag": 0.0,
    "deg_per_10_laps": 0.5900505574280624,
    "laps_completed": 57.0
  },
  "VER": {
    "mean_lap_delta_to_field": 0.32885849056603944,
    "lap_time_std": 11.989040696706553,
    "positions_gained": -11.0,
    "dnf_flag": 1.0,
    "deg_per_10_laps": 2.927679477914873,
    "laps_completed": 54.0
  },
  "TSU": {
    "mean_lap_delta_to_field": 0.6653771929824577,
    "lap_time_std": 9.67452646623413,
    "positions_gained": 4.0,
    "dnf_flag": 0.0,
    "deg_per_10_laps": 0.8532855846512848,
    "laps_completed": 57.0
  },
  "HUL": {
    "mean_lap_delta_to_field": 1.4275350877192996,
    "lap_time_std": 8.50287372540752,
    "positions_gained": -2.0,
    "dnf_flag": 0.0,
    "deg_per_10_laps": 0.42075965776509117,
    "laps_completed": 57.0
  },
  "MAG": {
    "mean_lap_delta_to_field": 0.5665701754385972,
    "lap_time_std": 9.7373430557037,
    "positions_gained": 0.0,
    "dnf_flag": 0.0,
    "deg_per_10_laps": 1.3052054705729894,
    "laps_completed": 57.0
  }
}