{
  "ZHO": {
    "mean_lap_delta_to_field": 0.6524137931034466,
    "lap_time_std": 16.310425509185333,
    "positions_gained": 4.0,
    "dnf_flag": 0.0,
    "deg_per_10_laps": -3.7885370205174036,
    "laps_completed": 58.0
  },
  "MSC": {
    "mean_lap_delta_to_field": 0.7202946428571414,
    "lap_time_std": 14.76688747616661,
    "positions_gained": 0.0,
    "dnf_flag": 0.0,
    "deg_per_10_laps": -3.6960207448879254,
    "laps_completed": 57.0
  },
  "STR": {
    "mean_lap_delta_to_field": 0.6714999999999989,
    "lap_time_std": 14.773498084993042,
    "positions_gained": 7.0,
    "dnf_flag": 0.0,
    "deg_per_10_laps": -3.5965863819688506,
    "laps_completed": 58.0
  },
  "SAI": {
    "mean_lap_delta_to_field": 1.666000000000011,
    "lap_time_std": 0.0,
    "positions_gained": 0.0,
    "dnf_flag": 1.0,
    "deg_per_10_laps": 0.0,
    "laps_completed": 1.0
  },
  "HAM": {
    "mean_lap_delta_to_field": -0.43862280701754397,
    "lap_time_std": 16.455324991212297,
    "positions_gained": -1.0,
    "dnf_flag": 0.0,
    "deg_per_10_laps": -3.79778778478196,
    "laps_completed": 58.0
  },
  "ALO": {
    "mean_lap_delta_to_field": 1.0290446428571423,
    "lap_time_std": 16.457144263482984,
    "positions_gained": -7.0,
    "dnf_flag": 0.0,
    "deg_per_10_laps": -2.9629727084793114,
    "laps_completed": 57.0
  },
  "RIC": {
    "mean_lap_delta_to_field": 0.14297368421052462,
    "lap_time_std": 15.682700927805055,
    "positions_gained": 1.0,
    "dnf_flag": 0.0,
    "deg_per_10_laps": -3.687615450454544,
    "laps_completed": 58.0
  },
  "GAS": {
    "mean_lap_delta_to_field": 0.546745614035086,
    "lap_time_std": 14.877356877496794,
    "positions_gained": 0.0,
    "dnf_flag": 0.0,
    "deg_per_10_laps": -3.5965236153078095,
    "laps_completed": 58.0
  },
  "OCO": {
    "mean_lap_delta_to_field": 0.30737931034482713,
    "lap_time_std": 17.177739524533383,
    "positions_gained": 1.0,
    "dnf_flag": 0.0,
    "deg_per_10_laps": -3.9010418653296064,
    "laps_completed": 58.0
  },
  "LAT": {
    "mean_lap_delta_to_field": 0.8714561403508765,
    "lap_time_std": 15.69193025789599,
    "positions_gained": 2.0,
    "dnf_flag": 0.0,
    "deg_per_10_laps": -3.9344101633393755,
    "laps_completed": 57.0
  },
  "PER": {
    "mean_lap_delta_to_field": -0.6095701754385976,
    "lap_time_std": 16.28108219910258,
    "positions_gained": 2.0,
    "dnf_flag": 0.0,
    "deg_per_10_laps": -3.8570541782422882,
    "laps_completed": 58.0
  },
  "LEC": {
    "mean_lap_delta_to_field": -1.5449910714285726,
    "lap_time_std": 15.66527976623927,
    "positions_gained": 0.0,
    "dnf_flag": 0.0,
    "deg_per_10_laps": -3.5530185472206846,
    "laps_completed": 58.0
  },
  "NOR": {
    "mean_lap_delta_to_field": 0.031850877192980714,
    "lap_time_std": 15.805304716489271,
    "positions_gained": 1.0,
    "dnf_flag": 0.0,
    "deg_per_10_laps": -3.673355814887938,
    "laps_completed": 58.0
  },
  "RUS": {
    "mean_lap_delta_to_field": -0.5579210526315798,
    "lap_time_std": 16.676942691522957,
    "positions_gained": 2.0,
    "dnf_flag": 0.0,
    "deg_per_10_laps": -3.801206356475938,
    "laps_completed": 58.0
  },
  "BOT": {
    "mean_lap_delta_to_field": 0.4117631578947359,
    "lap_time_std": 15.094791655723483,
    "positions_gained": 4.0,
    "dnf_flag": 0.0,
    "deg_per_10_laps": -3.7208693636446255,
    "laps_completed": 58.0
  },
  "ALB": {
    "mean_lap_delta_to_field": 0.6125344827586194,
    "lap_time_std": 16.912831133163337,
    "positions_gained": 10.0,
    "dnf_flag": 0.0,
    "deg_per_10_laps": -3.6629050416807702,
    "laps_completed": 58.0
  },
  "VER": {
    "mean_lap_delta_to_field": -1.0868194444444466,
    "lap_time_std": 18.232378525187386,
    "positions_gained": 0.0,
    "dnf_flag": 1.0,
    "deg_per_10_laps": -5.679376306813627,
    "laps_completed": 38.0
  },
  "TSU": {
    "mean_lap_delta_to_field": 0.7910089285714267,
    "lap_time_std": 14.779155588719687,
    "positions_gained": -4.0,
    "dnf_flag": 0.0,
    "deg_per_10_laps": -3.595142192395389,
    "laps_completed": 57.0
  },
  "MAG": {
    "mean_lap_delta_to_field": 0.613473214285713,
    "lap_time_std": 16.054542733905727,
    "positions_gained": 2.0,
    "dnf_flag": 0.0,
    "deg_per_10_laps": -3.5265665495017107,
    "laps_completed": 57.0
  },
  "VET": {
    "mean_lap_delta_to_field": 0.7762727272727254,
    "lap_time_std": 16.70355422607865,
    "positions_gained": 5.0,
    "dnf_flag": 1.0,
    "deg_per_10_laps": -15.3534839073969,
    "laps_completed": 22.0
  }
}