{
  "ZHO": {
    "mean_lap_delta_to_field": 0.529475806451612,
    "lap_time_std": 14.672864503469537,
    "positions_gained": 4.0,
    "dnf_flag": 0.0,
    "deg_per_10_laps": -5.495943693183251,
    "laps_completed": 62.0
  },
  "MSC": {
    "mean_lap_delta_to_field": 0.8166475409836058,
    "lap_time_std": 12.693243094357678,
    "positions_gained": 1.0,
    "dnf_flag": 0.0,
    "deg_per_10_laps": -4.711961511540503,
    "laps_completed": 62.0
  },
  "STR": {
    "mean_lap_delta_to_field": 0.3022822580645157,
    "lap_time_std": 14.287785442405974,
    "positions_gained": 2.0,
    "dnf_flag": 0.0,
    "deg_per_10_laps": -5.205059051648159,
    "laps_completed": 62.0
  },
  "HAM": {
    "mean_lap_delta_to_field": 0.39884677419354836,
    "lap_time_std": 14.399665894063506,
    "positions_gained": -1.0,
    "dnf_flag": 0.0,
    "deg_per_10_laps": -5.218905341089377,
    "laps_completed": 62.0
  },
  "ALO": {
    "mean_lap_delta_to_field": 1.683666666666672,
    "lap_time_std": 20.259216543752785,
    "positions_gained": -10.0,
    "dnf_flag": 1.0,
    "deg_per_10_laps": -72.55514285714283,
    "laps_completed": 6.0
  },
  "RIC": {
    "mean_lap_delta_to_field": 1.1271229508196698,
    "lap_time_std": 12.508051403651715,
    "positions_gained": 2.0,
    "dnf_flag": 0.0,
    "deg_per_10_laps": -4.585949344555539,
    "laps_completed": 62.0
  },
  "GAS": {
    "mean_lap_delta_to_field": 0.3291229508196702,
    "lap_time_std": 11.975826975609111,
    "positions_gained": 2.0,
    "dnf_flag": 0.0,
    "deg_per_10_laps": -4.548729872194817,
    "laps_completed": 62.0
  },
  "OCO": {
    "mean_lap_delta_to_field": 0.3516854838709685,
    "lap_time_std": 14.283435179351606,
    "positions_gained": 3.0,
    "dnf_flag": 0.0,
    "deg_per_10_laps": -5.224273123315956,
    "laps_completed": 62.0
  },
  "LAT": {
    "mean_lap_delta_to_field": 0.5182704918032772,
    "lap_time_std": 12.35082554215213,
    "positions_gained": 1.0,
    "dnf_flag": 0.0,
    "deg_per_10_laps": -4.752736085307163,
    "laps_completed": 62.0
  },
  "PER": {
    "mean_lap_delta_to_field": -0.8776269841269845,
    "lap_time_std": 14.591750642121172,
    "positions_gained": 1.0,
    "dnf_flag": 0.0,
    "deg_per_10_laps": -4.742271985407058,
    "laps_completed": 63.0
  },
  "LEC": {
    "mean_lap_delta_to_field": -0.24992857142857222,
    "lap_time_std": 14.864737111491516,
    "positions_gained": -1.0,
    "dnf_flag": 0.0,
    "deg_per_10_laps": -4.408785042242693,
    "laps_completed": 63.0
  },
  "NOR": {
    "mean_lap_delta_to_field": -0.5870396825396831,
    "lap_time_std": 14.166649596176589,
    "positions_gained": 1.0,
    "dnf_flag": 0.0,
    "deg_per_10_laps": -4.89285474270352,
    "laps_completed": 63.0
  },
  "RUS": {
    "mean_lap_delta_to_field": -0.4652619047619058,
    "lap_time_std": 14.16440060660142,
    "positions_gained": 3.0,
    "dnf_flag": 0.0,
    "deg_per_10_laps": -4.978201804915509,
    "laps_completed": 63.0
  },
  "BOT": {
    "mean_lap_delta_to_field": -0.4545476190476199,
    "lap_time_std": 14.602823870131374,
    "positions_gained": 3.0,
    "dnf_flag": 0.0,
    "deg_per_10_laps": -5.133189324116732,
    "laps_completed": 63.0
  },
  "ALB": {
    "mean_lap_delta_to_field": 0.33115573770491646,
    "lap_time_std": 12.067789278938967,
    "positions_gained": 4.0,
    "dnf_flag": 0.0,
    "deg_per_10_laps": -4.564055364966355,
    "laps_completed": 62.0
  },
  "VER": {
    "mean_lap_delta_to_field": -1.139960317460319,
    "lap_time_std": 14.567462934575476,
    "positions_gained": 0.0,
    "dnf_flag": 0.0,
    "deg_per_10_laps": -4.686402649769581,
    "laps_completed": 63.0
  },
  "TSU": {
    "mean_lap_delta_to_field": -0.1699603174603183,
    "lap_time_std": 14.401586275596744,
    "positions_gained": 4.0,
    "dnf_flag": 0.0,
    "deg_per_10_laps": -5.295191532258067,
    "laps_completed": 63.0
  },
  "MAG": {
    "mean_lap_delta_to_field": 0.05464285714285707,
    "lap_time_std": 14.369978568276975,
    "positions_gained": -3.0,
    "dnf_flag": 0.0,
    "deg_per_10_laps": -5.051683947772659,
    "laps_completed": 63.0
  },
  "VET": {
    "mean_lap_delta_to_field": -0.014690476190477085,
    "lap_time_std": 14.167314307487773,
    "positions_gained": 2.0,
    "dnf_flag": 0.0,
    "deg_per_10_laps": -5.072791858678947,
    "laps_completed": 63.0
  }
}