{
  "ZHO": {
    "mean_lap_delta_to_field": 1.2297982456140342,
    "lap_time_std": 4.128021327868031,
    "positions_gained": 3.0,
    "dnf_flag": 0.0,
    "deg_per_10_laps": -0.3846422089707022,
    "laps_completed": 57.0
  },
  "MSC": {
    "mean_lap_delta_to_field": 1.581026315789473,
    "lap_time_std": 4.189188511105576,
    "positions_gained": -3.0,
    "dnf_flag": 0.0,
    "deg_per_10_laps": -0.3288773658283623,
    "laps_completed": 57.0
  },
  "STR": {
    "mean_lap_delta_to_field": 0.6461982758620688,
    "lap_time_std": 3.764407874928053,
    "positions_gained": 4.0,
    "dnf_flag": 0.0,
    "deg_per_10_laps": -0.5413703897382359,
    "laps_completed": 58.0
  },
  "SAI": {
    "mean_lap_delta_to_field": -0.25102586206896527,
    "lap_time_std": 3.808067432501413,
    "positions_gained": 1.0,
    "dnf_flag": 0.0,
    "deg_per_10_laps": -0.5039613645452037,
    "laps_completed": 58.0
  },
  "HAM": {
    "mean_lap_delta_to_field": 0.4455181818181816,
    "lap_time_std": 5.693728013547528,
    "positions_gained": -4.0,
    "dnf_flag": 1.0,
    "deg_per_10_laps": 0.18438528138527804,
    "laps_completed": 55.0
  },
  "ALO": {
    "mean_lap_delta_to_field": 0.8940555555555534,
    "lap_time_std": 3.7974141419184413,
    "positions_gained": 0.0,
    "dnf_flag": 1.0,
    "deg_per_10_laps": 0.07735653235654512,
    "laps_completed": 27.0
  },
  "RIC": {
    "mean_lap_delta_to_field": 0.755456896551724,
    "lap_time_std": 3.0103530060128634,
    "positions_gained": 5.0,
    "dnf_flag": 0.0,
    "deg_per_10_laps": -0.5626109692700455,
    "laps_completed": 58.0
  },
  "GAS": {
    "mean_lap_delta_to_field": 1.25609649122807,
    "lap_time_std": 2.9986936617998032,
    "positions_gained": 4.0,
    "dnf_flag": 0.0,
    "deg_per_10_laps": -0.44953979777028424,
    "laps_completed": 57.0
  },
  "OCO": {
    "mean_lap_delta_to_field": 0.3066982758620687,
    "lap_time_std": 3.899341888878708,
    "positions_gained": 1.0,
    "dnf_flag": 0.0,
    "deg_per_10_laps": -0.6502660801624194,
    "laps_completed": 58.0
  },
  "LAT": {
    "mean_lap_delta_to_field": 2.9728090909090907,
    "lap_time_std": 6.843732222700339,
    "positions_gained": 0.0,
    "dnf_flag": 1.0,
    "deg_per_10_laps": 0.2874797979797846,
    "laps_completed": 55.0
  },
  "PER": {
    "mean_lap_delta_to_field": -0.5061810344827582,
    "lap_time_std": 3.9411051068320115,
    "positions_gained": -1.0,
    "dnf_flag": 0.0,
    "deg_per_10_laps": -0.5727955335445609,
    "laps_completed": 58.0
  },
  "LEC": {
    "mean_lap_delta_to_field": -0.5289741379310351,
    "lap_time_std": 2.8432379601971594,
    "positions_gained": 1.0,
    "dnf_flag": 0.0,
    "deg_per_10_laps": -0.4234430465409645,
    "laps_completed": 58.0
  },
  "NOR": {
    "mean_lap_delta_to_field": 0.2893534482758613,
    "lap_time_std": 3.859933047041967,
    "positions_gained": 0.0,
    "dnf_flag": 0.0,
    "deg_per_10_laps": -0.4838469346950086,
    "laps_completed": 58.0
  },
  "RUS": {
    "mean_lap_delta_to_field": -0.06143965517241461,
    "lap_time_std": 4.501476669324932,
    "positions_gained": 2.0,
    "dnf_flag": 0.0,
    "deg_per_10_laps": -0.47589652096342466,
    "laps_completed": 58.0
  },
  "BOT": {
    "mean_lap_delta_to_field": 1.4166929824561405,
    "lap_time_std": 3.301826166887172,
    "positions_gained": 5.0,
    "dnf_flag": 0.0,
    "deg_per_10_laps": -0.5803461239305149,
    "laps_completed": 57.0
  },
  "ALB": {
    "mean_lap_delta_to_field": 1.2452368421052624,
    "lap_time_std": 3.9674099264427047,
    "positions_gained": 4.0,
    "dnf_flag": 0.0,
    "deg_per_10_laps": -0.38829919626653386,
    "laps_completed": 57.0
  },
  "VER": {
    "mean_lap_delta_to_field": -0.6801982758620692,
    "lap_time_std": 2.828290016070321,
    "positions_gained": 0.0,
    "dnf_flag": 0.0,
    "deg_per_10_laps": -0.3688633916761497,
    "laps_completed": 58.0
  },
  "TSU": {
    "mean_lap_delta_to_field": 0.8606810344827583,
    "lap_time_std": 3.9811041060877517,
    "positions_gained": 0.0,
    "dnf_flag": 0.0,
    "deg_per_10_laps": -0.4792060660124861,
    "laps_completed": 58.0
  },
  "MAG": {
    "mean_lap_delta_to_field": 1.7855526315789474,
    "lap_time_std": 3.064374493079229,
    "positions_gained": -1.0,
    "dnf_flag": 0.0,
    "deg_per_10_laps": -0.39482758620690084,
    "laps_completed": 57.0
  },
  "VET": {
    "mean_lap_delta_to_field": 0.7663189655172407,
    "lap_time_std": 3.1093291849917235,
    "positions_gained": -1.0,
    "dnf_flag": 0.0,
    "deg_per_10_laps": -0.47671167984250695,
    "laps_completed": 58.0
  }
}