{
  "ZHO": {
    "mean_lap_delta_to_field": 1.0751931818181832,
    "lap_time_std": 3.5316201298473913,
    "positions_gained": 2.0,
    "dnf_flag": 0.0,
    "deg_per_10_laps": -1.283780831571516,
    "laps_completed": 44.0
  },
  "STR": {
    "mean_lap_delta_to_field": 0.7092613636363658,
    "lap_time_std": 3.79468577807623,
    "positions_gained": 1.0,
    "dnf_flag": 0.0,
    "deg_per_10_laps": -0.9894559548977978,
    "laps_completed": 44.0
  },
  "SAI": {
    "mean_lap_delta_to_field": 2.2009130434782627,
    "lap_time_std": 3.1925402173701296,
    "positions_gained": -13.0,
    "dnf_flag": 1.0,
    "deg_per_10_laps": 0.9133201581027748,
    "laps_completed": 23.0
  },
  "SAR": {
    "mean_lap_delta_to_field": 1.2805340909090916,
    "lap_time_std": 3.8125685645239984,
    "positions_gained": -1.0,
    "dnf_flag": 0.0,
    "deg_per_10_laps": -1.2656462297392332,
    "laps_completed": 44.0
  },
  "HAM": {
    "mean_lap_delta_to_field": 0.034965909090910685,
    "lap_time_std": 4.008719108862982,
    "positions_gained": 0.0,
    "dnf_flag": 0.0,
    "deg_per_10_laps": -0.2377145877378263,
    "laps_completed": 44.0
  },
  "ALO": {
    "mean_lap_delta_to_field": 0.18298863636363613,
    "lap_time_std": 3.562474255090387,
    "positions_gained": 2.0,
    "dnf_flag": 0.0,
    "deg_per_10_laps": -0.9203199436222638,
    "laps_completed": 44.0
  },
  "RIC": {
    "mean_lap_delta_to_field": 1.2486022727272732,
    "lap_time_std": 4.179448122714911,
    "positions_gained": 4.0,
    "dnf_flag": 0.0,
    "deg_per_10_laps": -1.11653770260745,
    "laps_completed": 44.0
  },
  "GAS": {
    "mean_lap_delta_to_field": 0.7943522727272746,
    "lap_time_std": 3.319719380827515,
    "positions_gained": 6.0,
    "dnf_flag": 0.0,
    "deg_per_10_laps": -1.0139774489076696,
    "laps_completed": 44.0
  },
  "OCO": {
    "mean_lap_delta_to_field": 0.6042386363636371,
    "lap_time_std": 3.506675376491076,
    "positions_gained": 6.0,
    "dnf_flag": 0.0,
    "deg_per_10_laps": -1.3317906976744078,
    "laps_completed": 44.0
  },
  "PER": {
    "mean_lap_delta_to_field": -0.5869886363636347,
    "lap_time_std": 3.1703863160041124,
    "positions_gained": 0.0,
    "dnf_flag": 0.0,
    "deg_per_10_laps": -0.4898470754052062,
    "laps_completed": 44.0
  },
  "LEC": {
    "mean_lap_delta_to_field": -0.36076136363636346,
    "lap_time_std": 3.0391479544622464,
    "positions_gained": 0.0,
    "dnf_flag": 0.0,
    "deg_per_10_laps": -0.5171423537702357,
    "laps_completed": 44.0
  },
  "NOR": {
    "mean_lap_delta_to_field": 0.5815113636363662,
    "lap_time_std": 3.597586904056806,
    "positions_gained": 1.0,
    "dnf_flag": 0.0,
    "deg_per_10_laps": -1.4177780126849755,
    "laps_completed": 44.0
  },
  "RUS": {
    "mean_lap_delta_to_field": 0.34019318181818387,
    "lap_time_std": 3.362367188995921,
    "positions_gained": 6.0,
    "dnf_flag": 0.0,
    "deg_per_10_laps": -1.1377188160676428,
    "laps_completed": 44.0
  },
  "BOT": {
    "mean_lap_delta_to_field": 0.8422386363636375,
    "lap_time_std": 3.3564514499130977,
    "positions_gained": 1.0,
    "dnf_flag": 0.0,
    "deg_per_10_laps": -1.3189619450317012,
    "laps_completed": 44.0
  },
  "ALB": {
    "mean_lap_delta_to_field": 1.0920795454545464,
    "lap_time_std": 3.9315737358173943,
    "positions_gained": -3.0,
    "dnf_flag": 0.0,
    "deg_per_10_laps": -0.9700098661028764,
    "laps_completed": 44.0
  },
  "VER": {
    "mean_lap_delta_to_field": -1.0939204545454542,
    "lap_time_std": 3.1022586810080948,
    "positions_gained": 4.0,
    "dnf_flag": 0.0,
    "deg_per_10_laps": -0.7759210711768759,
    "laps_completed": 44.0
  },
  "TSU": {
    "mean_lap_delta_to_field": 0.7292840909090917,
    "lap_time_std": 3.349435359549617,
    "positions_gained": -1.0,
    "dnf_flag": 0.0,
    "deg_per_10_laps": -0.9641895701197871,
    "laps_completed": 44.0
  },
  "HUL": {
    "mean_lap_delta_to_field": 1.4163068181818188,
    "lap_time_std": 3.535443345472902,
    "positions_gained": 0.0,
    "dnf_flag": 0.0,
    "deg_per_10_laps": -0.8042720225510827,
    "laps_completed": 44.0
  },
  "MAG": {
    "mean_lap_delta_to_field": 1.2186704545454554,
    "lap_time_std": 3.322308340651033,
    "positions_gained": 4.0,
    "dnf_flag": 0.0,
    "deg_per_10_laps": -0.9351529245947716,
    "laps_completed": 44.0
  }
}