{
  "ZHO": {
    "mean_lap_delta_to_field": 0.863967741935483,
    "lap_time_std": 13.586043019377604,
    "positions_gained": 4.0,
    "dnf_flag": 1.0,
    "deg_per_10_laps": -3.1540394349172782,
    "laps_completed": 62.0
  },
  "STR": {
    "mean_lap_delta_to_field": 1.0376571428571422,
    "lap_time_std": 14.60471211281974,
    "positions_gained": -3.0,
    "dnf_flag": 0.0,
    "deg_per_10_laps": -1.597823176087948,
    "laps_completed": 72.0
  },
  "SAI": {
    "mean_lap_delta_to_field": 0.0381857142857135,
    "lap_time_std": 14.547823118877155,
    "positions_gained": 0.0,
    "dnf_flag": 0.0,
    "deg_per_10_laps": -1.561458180005224,
    "laps_completed": 72.0
  },
  "SAR": {
    "mean_lap_delta_to_field": 4.32232142857143,
    "lap_time_std": 13.754680169725095,
    "positions_gained": -6.0,
    "dnf_flag": 1.0,
    "deg_per_10_laps": -30.292703296703287,
    "laps_completed": 14.0
  },
  "HAM": {
    "mean_lap_delta_to_field": 0.09991428571428469,
    "lap_time_std": 14.034724665361452,
    "positions_gained": 5.0,
    "dnf_flag": 0.0,
    "deg_per_10_laps": -1.8488980047278814,
    "laps_completed": 72.0
  },
  "ALO": {
    "mean_lap_delta_to_field": -0.13990140845070453,
    "lap_time_std": 16.418289143684664,
    "positions_gained": 1.0,
    "dnf_flag": 0.0,
    "deg_per_10_laps": -0.9614400579490123,
    "laps_completed": 72.0
  },
  "GAS": {
    "mean_lap_delta_to_field": -0.0640571428571438,
    "lap_time_std": 14.65661886721629,
    "positions_gained": 12.0,
    "dnf_flag": 0.0,
    "deg_per_10_laps": -1.567539673118602,
    "laps_completed": 72.0
  },
  "LAW": {
    "mean_lap_delta_to_field": 1.367957142857143,
    "lap_time_std": 14.688816087238626,
    "positions_gained": 5.0,
    "dnf_flag": 0.0,
    "deg_per_10_laps": -1.318537885750917,
    "laps_completed": 72.0
  },
  "OCO": {
    "mean_lap_delta_to_field": 0.6543857142857139,
    "lap_time_std": 14.572624241887192,
    "positions_gained": 2.0,
    "dnf_flag": 0.0,
    "deg_per_10_laps": -1.339765844658419,
    "laps_completed": 72.0
  },
  "PER": {
    "mean_lap_delta_to_field": -0.05597142857142948,
    "lap_time_std": 15.11368994767908,
    "positions_gained": 10.0,
    "dnf_flag": 0.0,
    "deg_per_10_laps": -1.3768852659175828,
    "laps_completed": 72.0
  },
  "LEC": {
    "mean_lap_delta_to_field": 1.0014756097560977,
    "lap_time_std": 13.903311524948156,
    "positions_gained": -2.0,
    "dnf_flag": 1.0,
    "deg_per_10_laps": -5.228689895470387,
    "laps_completed": 41.0
  },
  "NOR": {
    "mean_lap_delta_to_field": 0.33359999999999945,
    "lap_time_std": 14.244071925791518,
    "positions_gained": -5.0,
    "dnf_flag": 0.0,
    "deg_per_10_laps": -1.6126678921610287,
    "laps_completed": 72.0
  },
  "RUS": {
    "mean_lap_delta_to_field": 0.9497999999999996,
    "lap_time_std": 14.622228297877115,
    "positions_gained": -11.0,
    "dnf_flag": 0.0,
    "deg_per_10_laps": -1.3015071206422266,
    "laps_completed": 72.0
  },
  "BOT": {
    "mean_lap_delta_to_field": 1.2213999999999994,
    "lap_time_std": 14.824053043965762,
    "positions_gained": -7.0,
    "dnf_flag": 0.0,
    "deg_per_10_laps": -1.343749164821077,
    "laps_completed": 72.0
  },
  "ALB": {
    "mean_lap_delta_to_field": 0.4351571428571418,
    "lap_time_std": 14.592033758525158,
    "positions_gained": -4.0,
    "dnf_flag": 0.0,
    "deg_per_10_laps": -1.4876960593121167,
    "laps_completed": 72.0
  },
  "VER": {
    "mean_lap_delta_to_field": -0.6138591549295771,
    "lap_time_std": 16.629875178047023,
    "positions_gained": 0.0,
    "dnf_flag": 0.0,
    "deg_per_10_laps": -1.0491561106055667,
    "laps_completed": 72.0
  },
  "PIA": {
    "mean_lap_delta_to_field": 0.587442857142858,
    "lap_time_std": 14.621552411284581,
    "positions_gained": -2.0,
    "dnf_flag": 0.0,
    "deg_per_10_laps": -1.542640827276526,
    "laps_completed": 72.0
  },
  "TSU": {
    "mean_lap_delta_to_field": 1.0220999999999993,
    "lap_time_std": 14.491789640220334,
    "positions_gained": 5.0,
    "dnf_flag": 0.0,
    "deg_per_10_laps": -1.1106354821314162,
    "laps_completed": 72.0
  },
  "HUL": {
    "mean_lap_delta_to_field": 1.0650285714285712,
    "lap_time_std": 14.92064434760172,
    "positions_gained": -2.0,
    "dnf_flag": 0.0,
    "deg_per_10_laps": -1.4068502986294609,
    "laps_completed": 72.0
  },
  "MAG": {
    "mean_lap_delta_to_field": 1.3937042253521124,
    "lap_time_std": 16.910212313597533,
    "positions_gained": 5.0,
    "dnf_flag": 0.0,
    "deg_per_10_laps": -0.47235372703514994,
    "laps_completed": 72.0
  }
}