{
  "OCO": {
    "mean_lap_delta_to_field": 1.1932053571428565,
    "lap_time_std": 12.165695452641769,
    "positions_gained": -1.0,
    "dnf_flag": 0.0,
    "deg_per_10_laps": -3.389305360219132,
    "laps_completed": 57.0
  },
  "ZHO": {
    "mean_lap_delta_to_field": 1.508745614035088,
    "lap_time_std": 13.920060760762976,
    "positions_gained": 5.0,
    "dnf_flag": 0.0,
    "deg_per_10_laps": -4.0240685766139475,
    "laps_completed": 57.0
  },
  "ALO": {
    "mean_lap_delta_to_field": 0.9174553571428566,
    "lap_time_std": 12.07225054830184,
    "positions_gained": -2.0,
    "dnf_flag": 0.0,
    "deg_per_10_laps": -3.319494062242331,
    "laps_completed": 57.0
  },
  "PIA": {
    "mean_lap_delta_to_field": 0.1136696428571428,
    "lap_time_std": 12.282130630328538,
    "positions_gained": 1.0,
    "dnf_flag": 0.0,
    "deg_per_10_laps": -3.5496685189589345,
    "laps_completed": 57.0
  },
  "STR": {
    "mean_lap_delta_to_field": 1.4302368421052634,
    "lap_time_std": 13.874586365506884,
    "positions_gained": 5.0,
    "dnf_flag": 0.0,
    "deg_per_10_laps": -4.256839512574538,
    "laps_completed": 57.0
  },
  "PER": {
    "mean_lap_delta_to_field": 1.4921491228070176,
    "lap_time_std": 14.21163332934835,
    "positions_gained": 7.0,
    "dnf_flag": 0.0,
    "deg_per_10_laps": -4.066830438164376,
    "laps_completed": 57.0
  },
  "LEC": {
    "mean_lap_delta_to_field": 0.7632053571428573,
    "lap_time_std": 12.168568030756784,
    "positions_gained": 0.0,
    "dnf_flag": 0.0,
    "deg_per_10_laps": -3.518248080807104,
    "laps_completed": 57.0
  },
  "NOR": {
    "mean_lap_delta_to_field": 0.27790350877192965,
    "lap_time_std": 14.46539250260379,
    "positions_gained": 4.0,
    "dnf_flag": 0.0,
    "deg_per_10_laps": -4.492581669691462,
    "laps_completed": 57.0
  },
  "RUS": {
    "mean_lap_delta_to_field": 0.7717631578947366,
    "lap_time_std": 14.111483039605286,
    "positions_gained": 15.0,
    "dnf_flag": 0.0,
    "deg_per_10_laps": -4.16170793362718,
    "laps_completed": 57.0
  },
  "BOT": {
    "mean_lap_delta_to_field": 1.3409561403508774,
    "lap_time_std": 14.009024690827696,
    "positions_gained": 2.0,
    "dnf_flag": 0.0,
    "deg_per_10_laps": -4.264570261861554,
    "laps_completed": 57.0
  },
  "TSU": {
    "mean_lap_delta_to_field": 1.882151785714284,
    "lap_time_std": 14.013174131518513,
    "positions_gained": -6.0,
    "dnf_flag": 0.0,
    "deg_per_10_laps": -4.320723171565273,
    "laps_completed": 56.0
  },
  "LAW": {
    "mean_lap_delta_to_field": 2.2062589285714287,
    "lap_time_std": 13.75238961676947,
    "positions_gained": -1.0,
    "dnf_flag": 0.0,
    "deg_per_10_laps": -4.203562542720437,
    "laps_completed": 56.0
  },
  "GAS": {
    "mean_lap_delta_to_field": 1.4416052631578948,
    "lap_time_std": 14.414608774118783,
    "positions_gained": -2.0,
    "dnf_flag": 0.0,
    "deg_per_10_laps": -4.106738397718436,
    "laps_completed": 57.0
  },
  "ALB": {
    "mean_lap_delta_to_field": 1.594482456140351,
    "lap_time_std": 14.121203632506042,
    "positions_gained": -1.0,
    "dnf_flag": 0.0,
    "deg_per_10_laps": -4.030379180710403,
    "laps_completed": 57.0
  },
  "SAR": {
    "mean_lap_delta_to_field": 2.4294124999999998,
    "lap_time_std": 15.994652222555912,
    "positions_gained": -4.0,
    "dnf_flag": 1.0,
    "deg_per_10_laps": -6.5159399624765655,
    "laps_completed": 40.0
  },
  "HUL": {
    "mean_lap_delta_to_field": 1.9915624999999995,
    "lap_time_std": 14.579272947674452,
    "positions_gained": -5.0,
    "dnf_flag": 0.0,
    "deg_per_10_laps": -4.347819207108684,
    "laps_completed": 56.0
  },
  "VER": {
    "mean_lap_delta_to_field": 0.031776785714284425,
    "lap_time_std": 12.237975103587969,
    "positions_gained": 0.0,
    "dnf_flag": 0.0,
    "deg_per_10_laps": -3.0035725900985466,
    "laps_completed": 57.0
  },
  "MAG": {
    "mean_lap_delta_to_field": 1.7444375000000008,
    "lap_time_std": 13.896699472064691,
    "positions_gained": 1.0,
    "dnf_flag": 0.0,
    "deg_per_10_laps": -4.354245386192764,
    "laps_completed": 56.0
  }
}