{
  "ZHO": {
    "mean_lap_delta_to_field": 0.8605071428571422,
    "lap_time_std": 9.266176620221676,
    "positions_gained": -6.0,
    "dnf_flag": 0.0,
    "deg_per_10_laps": -0.6261399664355828,
    "laps_completed": 71.0
  },
  "STR": {
    "mean_lap_delta_to_field": 1.0263923076923085,
    "lap_time_std": 8.690427378205598,
    "positions_gained": 2.0,
    "dnf_flag": 1.0,
    "deg_per_10_laps": -0.35190865795971304,
    "laps_completed": 66.0
  },
  "SAI": {
    "mean_lap_delta_to_field": -0.42674264705882337,
    "lap_time_std": 4.037303571983769,
    "positions_gained": -1.0,
    "dnf_flag": 0.0,
    "deg_per_10_laps": -0.5664739660581963,
    "laps_completed": 71.0
  },
  "SAR": {
    "mean_lap_delta_to_field": 0.7514565217391306,
    "lap_time_std": 8.689772024587347,
    "positions_gained": 5.0,
    "dnf_flag": 0.0,
    "deg_per_10_laps": -0.6881932975966497,
    "laps_completed": 70.0
  },
  "HAM": {
    "mean_lap_delta_to_field": -0.711801470588235,
    "lap_time_std": 4.005583019753652,
    "positions_gained": 3.0,
    "dnf_flag": 0.0,
    "deg_per_10_laps": -0.6613074655311658,
    "laps_completed": 71.0
  },
  "ALO": {
    "mean_lap_delta_to_field": 1.0377717391304357,
    "lap_time_std": 9.305204599582785,
    "positions_gained": -4.0,
    "dnf_flag": 1.0,
    "deg_per_10_laps": 0.6497692038936849,
    "laps_completed": 47.0
  },
  "RIC": {
    "mean_lap_delta_to_field": -0.0089202898550716,
    "lap_time_std": 8.089107906574833,
    "positions_gained": -3.0,
    "dnf_flag": 0.0,
    "deg_per_10_laps": -0.5684718859203645,
    "laps_completed": 71.0
  },
  "GAS": {
    "mean_lap_delta_to_field": 0.6166499999999995,
    "lap_time_std": 9.403691819725521,
    "positions_gained": -2.0,
    "dnf_flag": 0.0,
    "deg_per_10_laps": -0.6135949867031119,
    "laps_completed": 71.0
  },
  "OCO": {
    "mean_lap_delta_to_field": 0.5604357142857144,
    "lap_time_std": 8.48841899312814,
    "positions_gained": 8.0,
    "dnf_flag": 0.0,
    "deg_per_10_laps": -0.7631140850340411,
    "laps_completed": 71.0
  },
  "PER": {
    "mean_lap_delta_to_field": 10.637,
    "lap_time_std": 0.0,
    "positions_gained": 0.0,
    "dnf_flag": 1.0,
    "deg_per_10_laps": 0.0,
    "laps_completed": 1.0
  },
  "LEC": {
    "mean_lap_delta_to_field": -0.6356838235294113,
    "lap_time_std": 3.8329856884356404,
    "positions_gained": -1.0,
    "dnf_flag": 0.0,
    "deg_per_10_laps": -0.5035104722229525,
    "laps_completed": 71.0
  },
  "NOR": {
    "mean_lap_delta_to_field": 0.14516428571428616,
    "lap_time_std": 10.988383622244296,
    "positions_gained": 11.0,
    "dnf_flag": 0.0,
    "deg_per_10_laps": -0.9399040448343419,
    "laps_completed": 71.0
  },
  "RUS": {
    "mean_lap_delta_to_field": 0.2870071428571431,
    "lap_time_std": 10.856317499831277,
    "positions_gained": 1.0,
    "dnf_flag": 0.0,
    "deg_per_10_laps": -0.6020125528845806,
    "laps_completed": 71.0
  },
  "BOT": {
    "mean_lap_delta_to_field": 0.8257928571428579,
    "lap_time_std": 8.372823198197937,
    "positions_gained": -3.0,
    "dnf_flag": 0.0,
    "deg_per_10_laps": -0.5140929915696144,
    "laps_completed": 71.0
  },
  "ALB": {
    "mean_lap_delta_to_field": 0.16760144927536247,
    "lap_time_std": 6.650730117250124,
    "positions_gained": 2.0,
    "dnf_flag": 0.0,
    "deg_per_10_laps": -0.7024063277442515,
    "laps_completed": 71.0
  },
  "VER": {
    "mean_lap_delta_to_field": -1.2246985294117634,
    "lap_time_std": 3.8556821849708127,
    "positions_gained": 0.0,
    "dnf_flag": 0.0,
    "deg_per_10_laps": -0.6114723654947163,
    "laps_completed": 71.0
  },
  "PIA": {
    "mean_lap_delta_to_field": 0.31315000000000065,
    "lap_time_std": 11.102450156195589,
    "positions_gained": -2.0,
    "dnf_flag": 0.0,
    "deg_per_10_laps": -0.6266435525976168,
    "laps_completed": 71.0
  },
  "TSU": {
    "mean_lap_delta_to_field": 0.8546500000000011,
    "lap_time_std": 10.511645840455015,
    "positions_gained": 2.0,
    "dnf_flag": 0.0,
    "deg_per_10_laps": -0.608604877333682,
    "laps_completed": 71.0
  },
  "HUL": {
    "mean_lap_delta_to_field": 0.8435357142857157,
    "lap_time_std": 9.569527361233222,
    "positions_gained": -6.0,
    "dnf_flag": 0.0,
    "deg_per_10_laps": -0.46106460936441795,
    "laps_completed": 71.0
  },
  "MAG": {
    "mean_lap_delta_to_field": 0.9693870967741941,
    "lap_time_std": 5.229935963751972,
    "positions_gained": -3.0,
    "dnf_flag": 1.0,
    "deg_per_10_laps": -0.9114516129032347,
    "laps_completed": 31.0
  }
}