{
  "OCO": {
    "mean_lap_delta_to_field": 1.0398115942028978,
    "lap_time_std": 11.334097354845019,
    "positions_gained": 2.0,
    "dnf_flag": 0.0,
    "deg_per_10_laps": -2.03442420873488,
    "laps_completed": 70.0
  },
  "HAM": {
    "mean_lap_delta_to_field": 1.1628571428571426,
    "lap_time_std": 11.551249884994695,
    "positions_gained": -2.0,
    "dnf_flag": 0.0,
    "deg_per_10_laps": -2.2515414453447335,
    "laps_completed": 71.0
  },
  "ZHO": {
    "mean_lap_delta_to_field": 2.3439047619047604,
    "lap_time_std": 20.604348335103577,
    "positions_gained": 3.0,
    "dnf_flag": 1.0,
    "deg_per_10_laps": -15.57930024697166,
    "laps_completed": 22.0
  },
  "ALO": {
    "mean_lap_delta_to_field": 0.7505285714285705,
    "lap_time_std": 11.57747165121019,
    "positions_gained": 4.0,
    "dnf_flag": 0.0,
    "deg_per_10_laps": -2.2129082808105682,
    "laps_completed": 71.0
  },
  "STR": {
    "mean_lap_delta_to_field": 0.8538428571428577,
    "lap_time_std": 11.748954994850157,
    "positions_gained": 3.0,
    "dnf_flag": 0.0,
    "deg_per_10_laps": -2.3367097395577554,
    "laps_completed": 71.0
  },
  "RIC": {
    "mean_lap_delta_to_field": 0.7716594202898545,
    "lap_time_std": 9.882428068926723,
    "positions_gained": 6.0,
    "dnf_flag": 0.0,
    "deg_per_10_laps": -1.5245803653956878,
    "laps_completed": 70.0
  },
  "PIA": {
    "mean_lap_delta_to_field": 0.8283750000000002,
    "lap_time_std": 8.856380938715917,
    "positions_gained": -1.0,
    "dnf_flag": 1.0,
    "deg_per_10_laps": -1.496895503351303,
    "laps_completed": 69.0
  },
  "PER": {
    "mean_lap_delta_to_field": 0.7481428571428574,
    "lap_time_std": 11.809536605175726,
    "positions_gained": 6.0,
    "dnf_flag": 0.0,
    "deg_per_10_laps": -2.330768650616562,
    "laps_completed": 71.0
  },
  "TSU": {
    "mean_lap_delta_to_field": 0.8477714285714281,
    "lap_time_std": 11.517143500988437,
    "positions_gained": 5.0,
    "dnf_flag": 0.0,
    "deg_per_10_laps": -1.9547113275534536,
    "laps_completed": 71.0
  },
  "NOR": {
    "mean_lap_delta_to_field": 0.446314285714286,
    "lap_time_std": 11.927140006045441,
    "positions_gained": 3.0,
    "dnf_flag": 0.0,
    "deg_per_10_laps": -2.236204779807372,
    "laps_completed": 71.0
  },
  "RUS": {
    "mean_lap_delta_to_field": 1.9586785714285728,
    "lap_time_std": 13.116205074666759,
    "positions_gained": -3.0,
    "dnf_flag": 1.0,
    "deg_per_10_laps": -2.522207003329147,
    "laps_completed": 57.0
  },
  "BOT": {
    "mean_lap_delta_to_field": 1.3207105263157894,
    "lap_time_std": 15.33290242036028,
    "positions_gained": 4.0,
    "dnf_flag": 1.0,
    "deg_per_10_laps": -5.461692443708963,
    "laps_completed": 39.0
  },
  "GAS": {
    "mean_lap_delta_to_field": 0.6786285714285717,
    "lap_time_std": 11.595507117348882,
    "positions_gained": 8.0,
    "dnf_flag": 0.0,
    "deg_per_10_laps": -2.0392492143351344,
    "laps_completed": 71.0
  },
  "SAI": {
    "mean_lap_delta_to_field": 0.9456142857142859,
    "lap_time_std": 11.727159936303234,
    "positions_gained": 5.0,
    "dnf_flag": 0.0,
    "deg_per_10_laps": -2.262006889274604,
    "laps_completed": 71.0
  },
  "SAR": {
    "mean_lap_delta_to_field": 1.4350869565217395,
    "lap_time_std": 12.118307784315986,
    "positions_gained": 7.0,
    "dnf_flag": 0.0,
    "deg_per_10_laps": -2.0605947173469916,
    "laps_completed": 70.0
  },
  "HUL": {
    "mean_lap_delta_to_field": 1.5458695652173917,
    "lap_time_std": 12.533164131055491,
    "positions_gained": 8.0,
    "dnf_flag": 0.0,
    "deg_per_10_laps": -2.243922535842071,
    "laps_completed": 70.0
  },
  "VER": {
    "mean_lap_delta_to_field": 0.34625714285714265,
    "lap_time_std": 11.982617424434974,
    "positions_gained": 0.0,
    "dnf_flag": 0.0,
    "deg_per_10_laps": -2.240712846895215,
    "laps_completed": 71.0
  }
}