{
  "ZHO": {
    "mean_lap_delta_to_field": 0.7018030303030286,
    "lap_time_std": 3.872440356564776,
    "positions_gained": -1.0,
    "dnf_flag": 0.0,
    "deg_per_10_laps": -0.7571117837386433,
    "laps_completed": 66.0
  },
  "STR": {
    "mean_lap_delta_to_field": 0.5721363636363631,
    "lap_time_std": 3.665677735254598,
    "positions_gained": -3.0,
    "dnf_flag": 0.0,
    "deg_per_10_laps": -0.6260753574783415,
    "laps_completed": 66.0
  },
  "DEV": {
    "mean_lap_delta_to_field": 0.9063307692307686,
    "lap_time_std": 3.797258501081861,
    "positions_gained": 2.0,
    "dnf_flag": 0.0,
    "deg_per_10_laps": -0.8316975524475628,
    "laps_completed": 65.0
  },
  "SAI": {
    "mean_lap_delta_to_field": 0.3051363636363636,
    "lap_time_std": 3.5684803570625454,
    "positions_gained": -3.0,
    "dnf_flag": 0.0,
    "deg_per_10_laps": -0.5538628535643478,
    "laps_completed": 66.0
  },
  "SAR": {
    "mean_lap_delta_to_field": 1.619407692307692,
    "lap_time_std": 4.121029328043678,
    "positions_gained": -1.0,
    "dnf_flag": 0.0,
    "deg_per_10_laps": -0.6415056818181875,
    "laps_completed": 65.0
  },
  "HAM": {
    "mean_lap_delta_to_field": -0.02225757575757653,
    "lap_time_std": 3.651886599954569,
    "positions_gained": 2.0,
    "dnf_flag": 0.0,
    "deg_per_10_laps": -0.45728921824444224,
    "laps_completed": 66.0
  },
  "ALO": {
    "mean_lap_delta_to_field": 0.5843636363636354,
    "lap_time_std": 3.5784988987746646,
    "positions_gained": -1.0,
    "dnf_flag": 0.0,
    "deg_per_10_laps": -0.6114115436801996,
    "laps_completed": 66.0
  },
  "GAS": {
    "mean_lap_delta_to_field": 0.7268333333333332,
    "lap_time_std": 3.9776639433994525,
    "positions_gained": 4.0,
    "dnf_flag": 0.0,
    "deg_per_10_laps": -0.7335084020457173,
    "laps_completed": 66.0
  },
  "OCO": {
    "mean_lap_delta_to_field": 0.6618636363636352,
    "lap_time_std": 3.657601264079095,
    "positions_gained": -3.0,
    "dnf_flag": 0.0,
    "deg_per_10_laps": -0.6419463521553127,
    "laps_completed": 66.0
  },
  "PER": {
    "mean_lap_delta_to_field": 0.15534848484848485,
    "lap_time_std": 3.5647510469932664,
    "positions_gained": 7.0,
    "dnf_flag": 0.0,
    "deg_per_10_laps": -0.66543408829976,
    "laps_completed": 66.0
  },
  "LEC": {
    "mean_lap_delta_to_field": 0.7403030303030305,
    "lap_time_std": 4.0643094540436255,
    "positions_gained": 8.0,
    "dnf_flag": 0.0,
    "deg_per_10_laps": -0.8135674772988177,
    "laps_completed": 66.0
  },
  "NOR": {
    "mean_lap_delta_to_field": 1.2919153846153837,
    "lap_time_std": 5.74585651712472,
    "positions_gained": -3.0,
    "dnf_flag": 0.0,
    "deg_per_10_laps": -0.9569659090909104,
    "laps_completed": 65.0
  },
  "RUS": {
    "mean_lap_delta_to_field": 0.10348484848484825,
    "lap_time_std": 3.5268379135279786,
    "positions_gained": 4.0,
    "dnf_flag": 0.0,
    "deg_per_10_laps": -0.5854046550464453,
    "laps_completed": 66.0
  },
  "BOT": {
    "mean_lap_delta_to_field": 1.5927307692307688,
    "lap_time_std": 4.167252958219411,
    "positions_gained": -1.0,
    "dnf_flag": 0.0,
    "deg_per_10_laps": -0.6908343531468535,
    "laps_completed": 65.0
  },
  "ALB": {
    "mean_lap_delta_to_field": 1.2506538461538461,
    "lap_time_std": 4.001660922474765,
    "positions_gained": 1.0,
    "dnf_flag": 0.0,
    "deg_per_10_laps": -0.8327993881118896,
    "laps_completed": 65.0
  },
  "VER": {
    "mean_lap_delta_to_field": -0.38725757575757613,
    "lap_time_std": 3.4572232900680984,
    "positions_gained": 0.0,
    "dnf_flag": 0.0,
    "deg_per_10_laps": -0.402534182235679,
    "laps_completed": 66.0
  },
  "PIA": {
    "mean_lap_delta_to_field": 0.8901461538461534,
    "lap_time_std": 3.714838220866632,
    "positions_gained": -3.0,
    "dnf_flag": 0.0,
    "deg_per_10_laps": -0.6350362762237843,
    "laps_completed": 65.0
  },
  "TSU": {
    "mean_lap_delta_to_field": 0.6796515151515142,
    "lap_time_std": 3.6836841172921786,
    "positions_gained": 3.0,
    "dnf_flag": 0.0,
    "deg_per_10_laps": -0.7149487527398046,
    "laps_completed": 66.0
  },
  "HUL": {
    "mean_lap_delta_to_field": 1.0904846153846148,
    "lap_time_std": 4.514990247401934,
    "positions_gained": -7.0,
    "dnf_flag": 0.0,
    "deg_per_10_laps": -0.7725236013986047,
    "laps_completed": 65.0
  },
  "MAG": {
    "mean_lap_delta_to_field": 1.410223076923077,
    "lap_time_std": 4.553637859954984,
    "positions_gained": -5.0,
    "dnf_flag": 0.0,
    "deg_per_10_laps": -0.6923706293706291,
    "laps_completed": 65.0
  }
}