{
  "ZHO": {
    "mean_lap_delta_to_field": 1.3085689655172408,
    "lap_time_std": 4.183175327972928,
    "positions_gained": 1.0,
    "dnf_flag": 0.0,
    "deg_per_10_laps": -0.6776394229290363,
    "laps_completed": 58.0
  },
  "STR": {
    "mean_lap_delta_to_field": 0.7259827586206906,
    "lap_time_std": 3.689126421742132,
    "positions_gained": 2.0,
    "dnf_flag": 0.0,
    "deg_per_10_laps": -0.523325233012396,
    "laps_completed": 58.0
  },
  "SAI": {
    "mean_lap_delta_to_field": 1.1226491228070183,
    "lap_time_std": 3.886607789048148,
    "positions_gained": -1.0,
    "dnf_flag": 0.0,
    "deg_per_10_laps": -0.17187581021518755,
    "laps_completed": 57.0
  },
  "SAR": {
    "mean_lap_delta_to_field": 1.280448275862069,
    "lap_time_std": 4.195771443098669,
    "positions_gained": 4.0,
    "dnf_flag": 0.0,
    "deg_per_10_laps": -0.7616392383647702,
    "laps_completed": 58.0
  },
  "HAM": {
    "mean_lap_delta_to_field": 0.5327413793103446,
    "lap_time_std": 3.9014285558971245,
    "positions_gained": 0.0,
    "dnf_flag": 0.0,
    "deg_per_10_laps": -0.6902433172352272,
    "laps_completed": 58.0
  },
  "ALO": {
    "mean_lap_delta_to_field": 0.4480517241379307,
    "lap_time_std": 3.929149442538772,
    "positions_gained": 0.0,
    "dnf_flag": 0.0,
    "deg_per_10_laps": -0.6941985296379499,
    "laps_completed": 58.0
  },
  "RIC": {
    "mean_lap_delta_to_field": 0.7362758620689651,
    "lap_time_std": 4.029467075505539,
    "positions_gained": 4.0,
    "dnf_flag": 0.0,
    "deg_per_10_laps": -0.8728699744686103,
    "laps_completed": 58.0
  },
  "GAS": {
    "mean_lap_delta_to_field": 0.9799137931034474,
    "lap_time_std": 4.052774707083565,
    "positions_gained": -5.0,
    "dnf_flag": 0.0,
    "deg_per_10_laps": -0.6222319972930569,
    "laps_completed": 58.0
  },
  "OCO": {
    "mean_lap_delta_to_field": 0.9111724137931032,
    "lap_time_std": 2.847736860377525,
    "positions_gained": -1.0,
    "dnf_flag": 0.0,
    "deg_per_10_laps": -0.4594521517118326,
    "laps_completed": 58.0
  },
  "PER": {
    "mean_lap_delta_to_field": 0.050482758620688385,
    "lap_time_std": 3.859632199023148,
    "positions_gained": 8.0,
    "dnf_flag": 0.0,
    "deg_per_10_laps": -0.7577978405979952,
    "laps_completed": 58.0
  },
  "LEC": {
    "mean_lap_delta_to_field": 0.07703448275861953,
    "lap_time_std": 3.828718745955647,
    "positions_gained": -1.0,
    "dnf_flag": 0.0,
    "deg_per_10_laps": -0.5592663570088365,
    "laps_completed": 58.0
  },
  "NOR": {
    "mean_lap_delta_to_field": 0.1855,
    "lap_time_std": 4.004032033023222,
    "positions_gained": -1.0,
    "dnf_flag": 0.0,
    "deg_per_10_laps": -0.6860826232735593,
    "laps_completed": 58.0
  },
  "RUS": {
    "mean_lap_delta_to_field": 0.11729310344827508,
    "lap_time_std": 3.817309582530711,
    "positions_gained": 1.0,
    "dnf_flag": 0.0,
    "deg_per_10_laps": -0.6696201052016386,
    "laps_completed": 58.0
  },
  "BOT": {
    "mean_lap_delta_to_field": 1.545666666666666,
    "lap_time_std": 3.2425032589166687,
    "positions_gained": -3.0,
    "dnf_flag": 0.0,
    "deg_per_10_laps": -0.4437626393570154,
    "laps_completed": 57.0
  },
  "ALB": {
    "mean_lap_delta_to_field": 1.028603448275861,
    "lap_time_std": 4.132815449865834,
    "positions_gained": 3.0,
    "dnf_flag": 0.0,
    "deg_per_10_laps": -0.7881835799317096,
    "laps_completed": 58.0
  },
  "VER": {
    "mean_lap_delta_to_field": -0.23318965517241316,
    "lap_time_std": 3.83477727485331,
    "positions_gained": 0.0,
    "dnf_flag": 0.0,
    "deg_per_10_laps": -0.5730671506352115,
    "laps_completed": 58.0
  },
  "PIA": {
    "mean_lap_delta_to_field": 0.30968965517241387,
    "lap_time_std": 3.6886196442457067,
    "positions_gained": -3.0,
    "dnf_flag": 0.0,
    "deg_per_10_laps": -0.6978193730966789,
    "laps_completed": 58.0
  },
  "TSU": {
    "mean_lap_delta_to_field": 0.509706896551723,
    "lap_time_std": 2.808404700732679,
    "positions_gained": -2.0,
    "dnf_flag": 0.0,
    "deg_per_10_laps": -0.4628152204005093,
    "laps_completed": 58.0
  },
  "HUL": {
    "mean_lap_delta_to_field": 1.2098448275862055,
    "lap_time_std": 3.9112170618646522,
    "positions_gained": -2.0,
    "dnf_flag": 0.0,
    "deg_per_10_laps": -0.6834390476483386,
    "laps_completed": 58.0
  },
  "MAG": {
    "mean_lap_delta_to_field": 1.588912280701753,
    "lap_time_std": 4.069522738623711,
    "positions_gained": -1.0,
    "dnf_flag": 0.0,
    "deg_per_10_laps": -0.8108523463832006,
    "laps_completed": 57.0
  }
}