{
  "ZHO": {
    "mean_lap_delta_to_field": 0.9263111111111104,
    "lap_time_std": 7.377317007852068,
    "positions_gained": 2.0,
    "dnf_flag": 0.0,
    "deg_per_10_laps": -2.594296532287725,
    "laps_completed": 50.0
  },
  "STR": {
    "mean_lap_delta_to_field": -0.2592826086956526,
    "lap_time_std": 9.672946977696789,
    "positions_gained": 3.0,
    "dnf_flag": 0.0,
    "deg_per_10_laps": -3.657876438855117,
    "laps_completed": 50.0
  },
  "SAI": {
    "mean_lap_delta_to_field": 0.07317391304347795,
    "lap_time_std": 10.404159063580764,
    "positions_gained": 11.0,
    "dnf_flag": 0.0,
    "deg_per_10_laps": -4.0332955823569225,
    "laps_completed": 50.0
  },
  "SAR": {
    "mean_lap_delta_to_field": 0.7302666666666663,
    "lap_time_std": 6.397439234931935,
    "positions_gained": -10.0,
    "dnf_flag": 0.0,
    "deg_per_10_laps": -2.326247886288448,
    "laps_completed": 50.0
  },
  "HAM": {
    "mean_lap_delta_to_field": 0.916934782608696,
    "lap_time_std": 10.875843612456404,
    "positions_gained": 7.0,
    "dnf_flag": 0.0,
    "deg_per_10_laps": -3.281087744533941,
    "laps_completed": 50.0
  },
  "ALO": {
    "mean_lap_delta_to_field": 0.7428260869565221,
    "lap_time_std": 11.508160566365778,
    "positions_gained": 10.0,
    "dnf_flag": 0.0,
    "deg_per_10_laps": -4.552968010170776,
    "laps_completed": 50.0
  },
  "RIC": {
    "mean_lap_delta_to_field": 1.4124999999999996,
    "lap_time_std": 9.328425882221316,
    "positions_gained": 2.0,
    "dnf_flag": 0.0,
    "deg_per_10_laps": -3.0087450134253872,
    "laps_completed": 50.0
  },
  "GAS": {
    "mean_lap_delta_to_field": 0.14131111111111036,
    "lap_time_std": 6.44471473081751,
    "positions_gained": -7.0,
    "dnf_flag": 0.0,
    "deg_per_10_laps": -2.214925744394073,
    "laps_completed": 50.0
  },
  "OCO": {
    "mean_lap_delta_to_field": -0.08811111111111088,
    "lap_time_std": 6.595578982097849,
    "positions_gained": 3.0,
    "dnf_flag": 0.0,
    "deg_per_10_laps": -2.6668525915941803,
    "laps_completed": 50.0
  },
  "PER": {
    "mean_lap_delta_to_field": -0.44815217391304396,
    "lap_time_std": 11.164307375359087,
    "positions_gained": 8.0,
    "dnf_flag": 0.0,
    "deg_per_10_laps": -4.341832732020777,
    "laps_completed": 50.0
  },
  "LEC": {
    "mean_lap_delta_to_field": -0.9783555555555558,
    "lap_time_std": 6.581703664575219,
    "positions_gained": 0.0,
    "dnf_flag": 0.0,
    "deg_per_10_laps": -2.4125658620267174,
    "laps_completed": 50.0
  },
  "NOR": {
    "mean_lap_delta_to_field": -0.7547500000000014,
    "lap_time_std": 7.80292333039355,
    "positions_gained": 1.0,
    "dnf_flag": 1.0,
    "deg_per_10_laps": 0.0,
    "laps_completed": 2.0
  },
  "RUS": {
    "mean_lap_delta_to_field": -0.4515555555555554,
    "lap_time_std": 6.579842125151575,
    "positions_gained": -1.0,
    "dnf_flag": 0.0,
    "deg_per_10_laps": -2.5355893885553336,
    "laps_completed": 50.0
  },
  "BOT": {
    "mean_lap_delta_to_field": 3.57254081632653,
    "lap_time_std": 14.394134377542173,
    "positions_gained": 3.0,
    "dnf_flag": 0.0,
    "deg_per_10_laps": -4.997188593622251,
    "laps_completed": 50.0
  },
  "ALB": {
    "mean_lap_delta_to_field": 0.4327333333333327,
    "lap_time_std": 6.396454855794909,
    "positions_gained": -7.0,
    "dnf_flag": 0.0,
    "deg_per_10_laps": -2.2529877465997004,
    "laps_completed": 50.0
  },
  "VER": {
    "mean_lap_delta_to_field": -0.8901777777777785,
    "lap_time_std": 7.085248595754168,
    "positions_gained": 0.0,
    "dnf_flag": 0.0,
    "deg_per_10_laps": -2.6014756770003675,
    "laps_completed": 50.0
  },
  "PIA": {
    "mean_lap_delta_to_field": 0.2929111111111098,
    "lap_time_std": 7.483101365305327,
    "positions_gained": 3.0,
    "dnf_flag": 0.0,
    "deg_per_10_laps": -2.755991055017773,
    "laps_completed": 50.0
  },
  "TSU": {
    "mean_lap_delta_to_field": 2.2807558139534887,
    "lap_time_std": 10.117660169672138,
    "positions_gained": -5.0,
    "dnf_flag": 1.0,
    "deg_per_10_laps": -3.159344188300282,
    "laps_completed": 46.0
  },
  "HUL": {
    "mean_lap_delta_to_field": 1.2483048780487818,
    "lap_time_std": 10.2983714273713,
    "positions_gained": -5.0,
    "dnf_flag": 1.0,
    "deg_per_10_laps": -2.9914307583168513,
    "laps_completed": 45.0
  },
  "MAG": {
    "mean_lap_delta_to_field": 0.8537333333333328,
    "lap_time_std": 6.87479659166493,
    "positions_gained": -6.0,
    "dnf_flag": 0.0,
    "deg_per_10_laps": -2.636478617816445,
    "laps_completed": 50.0
  }
}