{
  "ZHO": {
    "mean_lap_delta_to_field": 1.8244107142857138,
    "lap_time_std": 6.1575066219757595,
    "positions_gained": 1.0,
    "dnf_flag": 0.0,
    "deg_per_10_laps": -0.1025164046479789,
    "laps_completed": 56.0
  },
  "STR": {
    "mean_lap_delta_to_field": 0.3333157894736831,
    "lap_time_std": 5.397959405296417,
    "positions_gained": 3.0,
    "dnf_flag": 0.0,
    "deg_per_10_laps": -0.5626361161524377,
    "laps_completed": 57.0
  },
  "DEV": {
    "mean_lap_delta_to_field": 1.518589285714285,
    "lap_time_std": 5.017133685209087,
    "positions_gained": 6.0,
    "dnf_flag": 0.0,
    "deg_per_10_laps": -0.5351493506493639,
    "laps_completed": 56.0
  },
  "SAI": {
    "mean_lap_delta_to_field": 0.22015789473684172,
    "lap_time_std": 5.332552059454461,
    "positions_gained": 0.0,
    "dnf_flag": 0.0,
    "deg_per_10_laps": -0.3730846512833722,
    "laps_completed": 57.0
  },
  "SAR": {
    "mean_lap_delta_to_field": 1.1366785714285708,
    "lap_time_std": 5.754077601506244,
    "positions_gained": 1.0,
    "dnf_flag": 0.0,
    "deg_per_10_laps": -0.6567676008202333,
    "laps_completed": 56.0
  },
  "HAM": {
    "mean_lap_delta_to_field": 0.27147368421052487,
    "lap_time_std": 5.420850707544312,
    "positions_gained": 0.0,
    "dnf_flag": 0.0,
    "deg_per_10_laps": -0.4466068187710631,
    "laps_completed": 57.0
  },
  "ALO": {
    "mean_lap_delta_to_field": 0.054982456140349634,
    "lap_time_std": 5.448372530336308,
    "positions_gained": 4.0,
    "dnf_flag": 0.0,
    "deg_per_10_laps": -0.5776853772361964,
    "laps_completed": 57.0
  },
  "GAS": {
    "mean_lap_delta_to_field": 0.6710526315789463,
    "lap_time_std": 6.135425740528835,
    "positions_gained": 10.0,
    "dnf_flag": 0.0,
    "deg_per_10_laps": -0.9822640653357522,
    "laps_completed": 57.0
  },
  "OCO": {
    "mean_lap_delta_to_field": 2.6497439024390235,
    "lap_time_std": 9.703621771741949,
    "positions_gained": -6.0,
    "dnf_flag": 1.0,
    "deg_per_10_laps": 0.5171480836236921,
    "laps_completed": 41.0
  },
  "PER": {
    "mean_lap_delta_to_field": -0.412561403508773,
    "lap_time_std": 5.21252945130306,
    "positions_gained": 1.0,
    "dnf_flag": 0.0,
    "deg_per_10_laps": -0.3252618615504238,
    "laps_completed": 57.0
  },
  "LEC": {
    "mean_lap_delta_to_field": 0.2794743589743587,
    "lap_time_std": 4.694440799323554,
    "positions_gained": -1.0,
    "dnf_flag": 1.0,
    "deg_per_10_laps": 0.06132995951414768,
    "laps_completed": 39.0
  },
  "NOR": {
    "mean_lap_delta_to_field": 3.041172727272726,
    "lap_time_std": 9.894332582742125,
    "positions_gained": -7.0,
    "dnf_flag": 1.0,
    "deg_per_10_laps": 0.03963852813851982,
    "laps_completed": 55.0
  },
  "RUS": {
    "mean_lap_delta_to_field": 0.35736842105263067,
    "lap_time_std": 5.522179455656632,
    "positions_gained": -1.0,
    "dnf_flag": 0.0,
    "deg_per_10_laps": -0.5352994555353975,
    "laps_completed": 57.0
  },
  "BOT": {
    "mean_lap_delta_to_field": 0.6516491228070169,
    "lap_time_std": 4.719029015419476,
    "positions_gained": 0.0,
    "dnf_flag": 0.0,
    "deg_per_10_laps": -0.6098178636245803,
    "laps_completed": 57.0
  },
  "ALB": {
    "mean_lap_delta_to_field": 0.9521228070175426,
    "lap_time_std": 5.821968583614695,
    "positions_gained": 2.0,
    "dnf_flag": 0.0,
    "deg_per_10_laps": -0.6663747731397424,
    "laps_completed": 57.0
  },
  "VER": {
    "mean_lap_delta_to_field": -0.6228596491228076,
    "lap_time_std": 4.991672889795745,
    "positions_gained": 0.0,
    "dnf_flag": 0.0,
    "deg_per_10_laps": -0.15563780140005296,
    "laps_completed": 57.0
  },
  "PIA": {
    "mean_lap_delta_to_field": 2.265730769230769,
    "lap_time_std": 5.984875662226212,
    "positions_gained": 0.0,
    "dnf_flag": 1.0,
    "deg_per_10_laps": 5.029780219780195,
    "laps_completed": 13.0
  },
  "TSU": {
    "mean_lap_delta_to_field": 0.9713508771929815,
    "lap_time_std": 6.110353120371937,
    "positions_gained": 4.0,
    "dnf_flag": 0.0,
    "deg_per_10_laps": -0.7300849105522438,
    "laps_completed": 57.0
  },
  "HUL": {
    "mean_lap_delta_to_field": 1.543374999999998,
    "lap_time_std": 7.0529613084049405,
    "positions_gained": -1.0,
    "dnf_flag": 0.0,
    "deg_per_10_laps": -0.7982026657553098,
    "laps_completed": 56.0
  },
  "MAG": {
    "mean_lap_delta_to_field": 1.415624999999999,
    "lap_time_std": 5.907864357989491,
    "positions_gained": 5.0,
    "dnf_flag": 0.0,
    "deg_per_10_laps": -0.7637030075187983,
    "laps_completed": 56.0
  }
}