{
  "ZHO": {
    "mean_lap_delta_to_field": 1.3436826923076919,
    "lap_time_std": 12.16373184806865,
    "positions_gained": 5.0,
    "dnf_flag": 1.0,
    "deg_per_10_laps": -2.713049249256709,
    "laps_completed": 54.0
  },
  "STR": {
    "mean_lap_delta_to_field": -0.38518269230769336,
    "lap_time_std": 10.65911076399128,
    "positions_gained": 2.0,
    "dnf_flag": 1.0,
    "deg_per_10_laps": -3.313497829250995,
    "laps_completed": 54.0
  },
  "DEV": {
    "mean_lap_delta_to_field": 2.1585392156862744,
    "lap_time_std": 10.849089705737397,
    "positions_gained": -1.0,
    "dnf_flag": 1.0,
    "deg_per_10_laps": -3.0151473000580427,
    "laps_completed": 53.0
  },
  "SAI": {
    "mean_lap_delta_to_field": -0.41264423076923096,
    "lap_time_std": 11.048862924440547,
    "positions_gained": 1.0,
    "dnf_flag": 1.0,
    "deg_per_10_laps": -3.456192232574905,
    "laps_completed": 54.0
  },
  "SAR": {
    "mean_lap_delta_to_field": 1.9837745098039212,
    "lap_time_std": 11.237942363925072,
    "positions_gained": 3.0,
    "dnf_flag": 1.0,
    "deg_per_10_laps": -3.340284687301878,
    "laps_completed": 53.0
  },
  "HAM": {
    "mean_lap_delta_to_field": -0.1106509433962268,
    "lap_time_std": 14.2043033615499,
    "positions_gained": 1.0,
    "dnf_flag": 0.0,
    "deg_per_10_laps": -2.282405920097591,
    "laps_completed": 57.0
  },
  "ALO": {
    "mean_lap_delta_to_field": -0.7327211538461531,
    "lap_time_std": 10.54186652579429,
    "positions_gained": 3.0,
    "dnf_flag": 1.0,
    "deg_per_10_laps": -3.3355072337566978,
    "laps_completed": 54.0
  },
  "GAS": {
    "mean_lap_delta_to_field": -0.4247019230769229,
    "lap_time_std": 10.545295360035782,
    "positions_gained": 4.0,
    "dnf_flag": 1.0,
    "deg_per_10_laps": -3.2972644208640656,
    "laps_completed": 54.0
  },
  "OCO": {
    "mean_lap_delta_to_field": 0.24270192307692184,
    "lap_time_std": 11.012424803570669,
    "positions_gained": 6.0,
    "dnf_flag": 1.0,
    "deg_per_10_laps": -3.4596498811996925,
    "laps_completed": 54.0
  },
  "PER": {
    "mean_lap_delta_to_field": -0.1261057692307685,
    "lap_time_std": 11.406518093400948,
    "positions_gained": 12.0,
    "dnf_flag": 1.0,
    "deg_per_10_laps": -3.72562883302026,
    "laps_completed": 54.0
  },
  "NOR": {
    "mean_lap_delta_to_field": 0.05522115384615407,
    "lap_time_std": 10.802524129003013,
    "positions_gained": 4.0,
    "dnf_flag": 1.0,
    "deg_per_10_laps": -3.328639332230328,
    "laps_completed": 54.0
  },
  "RUS": {
    "mean_lap_delta_to_field": 0.1625000000000019,
    "lap_time_std": 17.403566412827985,
    "positions_gained": -12.0,
    "dnf_flag": 1.0,
    "deg_per_10_laps": -17.769637942332896,
    "laps_completed": 17.0
  },
  "BOT": {
    "mean_lap_delta_to_field": 1.632774509803922,
    "lap_time_std": 11.44214449895219,
    "positions_gained": 6.0,
    "dnf_flag": 1.0,
    "deg_per_10_laps": -3.3863747446318184,
    "laps_completed": 53.0
  },
  "ALB": {
    "mean_lap_delta_to_field": -0.7871666666666689,
    "lap_time_std": 22.752489074824314,
    "positions_gained": 1.0,
    "dnf_flag": 1.0,
    "deg_per_10_laps": -86.17857142857127,
    "laps_completed": 6.0
  },
  "VER": {
    "mean_lap_delta_to_field": -1.0370673076923076,
    "lap_time_std": 10.6337195402613,
    "positions_gained": 3.0,
    "dnf_flag": 1.0,
    "deg_per_10_laps": -3.2702354236381352,
    "laps_completed": 54.0
  },
  "PIA": {
    "mean_lap_delta_to_field": 0.7728557692307698,
    "lap_time_std": 11.586490012313035,
    "positions_gained": 3.0,
    "dnf_flag": 1.0,
    "deg_per_10_laps": -2.9897240225409516,
    "laps_completed": 54.0
  },
  "TSU": {
    "mean_lap_delta_to_field": 1.2918942307692307,
    "lap_time_std": 11.432971400921923,
    "positions_gained": -2.0,
    "dnf_flag": 1.0,
    "deg_per_10_laps": -2.5960825133417007,
    "laps_completed": 54.0
  },
  "HUL": {
    "mean_lap_delta_to_field": 0.022913461538461084,
    "lap_time_std": 10.71224140700328,
    "positions_gained": 1.0,
    "dnf_flag": 1.0,
    "deg_per_10_laps": -3.1033660293330927,
    "laps_completed": 54.0
  },
  "MAG": {
    "mean_lap_delta_to_field": 0.90215,
    "lap_time_std": 11.26479633744355,
    "positions_gained": 1.0,
    "dnf_flag": 1.0,
    "deg_per_10_laps": -4.27328707134431,
    "laps_completed": 52.0
  }
}