{
  "ZHO": {
    "mean_lap_delta_to_field": 0.49103846153846165,
    "lap_time_std": 13.69776720985741,
    "positions_gained": 4.0,
    "dnf_flag": 0.0,
    "deg_per_10_laps": 1.1061640911807358,
    "laps_completed": 52.0
  },
  "STR": {
    "mean_lap_delta_to_field": 0.3499423076923077,
    "lap_time_std": 14.139100680681441,
    "positions_gained": 0.0,
    "dnf_flag": 0.0,
    "deg_per_10_laps": 1.4232976180312538,
    "laps_completed": 52.0
  },
  "DEV": {
    "mean_lap_delta_to_field": 0.5546538461538458,
    "lap_time_std": 13.802863063496028,
    "positions_gained": 0.0,
    "dnf_flag": 0.0,
    "deg_per_10_laps": 1.2772500640314175,
    "laps_completed": 52.0
  },
  "SAI": {
    "mean_lap_delta_to_field": 0.2915769230769232,
    "lap_time_std": 14.995154037985944,
    "positions_gained": -4.0,
    "dnf_flag": 0.0,
    "deg_per_10_laps": 1.6868411167079302,
    "laps_completed": 52.0
  },
  "SAR": {
    "mean_lap_delta_to_field": 0.37203846153846104,
    "lap_time_std": 13.512094670279,
    "positions_gained": 3.0,
    "dnf_flag": 0.0,
    "deg_per_10_laps": 1.2603688209681552,
    "laps_completed": 52.0
  },
  "HAM": {
    "mean_lap_delta_to_field": -0.44366666666666604,
    "lap_time_std": 14.690556628651205,
    "positions_gained": 5.0,
    "dnf_flag": 0.0,
    "deg_per_10_laps": 1.2861324982588624,
    "laps_completed": 52.0
  },
  "ALO": {
    "mean_lap_delta_to_field": 0.2482115384615384,
    "lap_time_std": 15.671155681868335,
    "positions_gained": 0.0,
    "dnf_flag": 0.0,
    "deg_per_10_laps": 1.6525710748740745,
    "laps_completed": 52.0
  },
  "GAS": {
    "mean_lap_delta_to_field": 0.4607111111111127,
    "lap_time_std": 15.412001769020229,
    "positions_gained": -6.0,
    "dnf_flag": 1.0,
    "deg_per_10_laps": 4.235375494071141,
    "laps_completed": 45.0
  },
  "OCO": {
    "mean_lap_delta_to_field": 0.18377777777777896,
    "lap_time_std": 2.793723744594503,
    "positions_gained": 0.0,
    "dnf_flag": 1.0,
    "deg_per_10_laps": -6.228000000000015,
    "laps_completed": 9.0
  },
  "PER": {
    "mean_lap_delta_to_field": 0.16530769230769238,
    "lap_time_std": 14.725272956828068,
    "positions_gained": 10.0,
    "dnf_flag": 0.0,
    "deg_per_10_laps": 1.370974131307086,
    "laps_completed": 52.0
  },
  "LEC": {
    "mean_lap_delta_to_field": 0.27698076923076936,
    "lap_time_std": 15.586618616575155,
    "positions_gained": -5.0,
    "dnf_flag": 0.0,
    "deg_per_10_laps": 1.6021356612311113,
    "laps_completed": 52.0
  },
  "NOR": {
    "mean_lap_delta_to_field": -0.7699215686274502,
    "lap_time_std": 14.783752054542724,
    "positions_gained": -1.0,
    "dnf_flag": 0.0,
    "deg_per_10_laps": 1.4466183016563465,
    "laps_completed": 52.0
  },
  "RUS": {
    "mean_lap_delta_to_field": 0.13307692307692365,
    "lap_time_std": 15.383881372836779,
    "positions_gained": 0.0,
    "dnf_flag": 0.0,
    "deg_per_10_laps": 1.6889131733970815,
    "laps_completed": 52.0
  },
  "BOT": {
    "mean_lap_delta_to_field": 0.414307692307692,
    "lap_time_std": 14.173668447545083,
    "positions_gained": 5.0,
    "dnf_flag": 0.0,
    "deg_per_10_laps": 1.1798002219755737,
    "laps_completed": 52.0
  },
  "ALB": {
    "mean_lap_delta_to_field": 0.26138461538461566,
    "lap_time_std": 15.429480071376394,
    "positions_gained": 2.0,
    "dnf_flag": 0.0,
    "deg_per_10_laps": 1.5123674549645716,
    "laps_completed": 52.0
  },
  "VER": {
    "mean_lap_delta_to_field": -1.1006666666666665,
    "lap_time_std": 14.70752211147778,
    "positions_gained": 1.0,
    "dnf_flag": 0.0,
    "deg_per_10_laps": 1.4366029089661185,
    "laps_completed": 52.0
  },
  "PIA": {
    "mean_lap_delta_to_field": 0.06711538461538534,
    "lap_time_std": 15.666368076468478,
    "positions_gained": -1.0,
    "dnf_flag": 0.0,
    "deg_per_10_laps": 1.7816187142491224,
    "laps_completed": 52.0
  },
  "TSU": {
    "mean_lap_delta_to_field": 0.5180576923076933,
    "lap_time_std": 14.002511692100304,
    "positions_gained": -3.0,
    "dnf_flag": 0.0,
    "deg_per_10_laps": 1.141722445146424,
    "laps_completed": 52.0
  },
  "HUL": {
    "mean_lap_delta_to_field": 0.4303269230769233,
    "lap_time_std": 13.903743351581673,
    "positions_gained": 0.0,
    "dnf_flag": 0.0,
    "deg_per_10_laps": 0.5589486041150807,
    "laps_completed": 52.0
  },
  "MAG": {
    "mean_lap_delta_to_field": 0.9179677419354846,
    "lap_time_std": 2.1376661054745276,
    "positions_gained": 6.0,
    "dnf_flag": 1.0,
    "deg_per_10_laps": -1.22192741935485,
    "laps_completed": 31.0
  }
}