{
  "OCO": {
    "mean_lap_delta_to_field": 0.009292682926830314,
    "lap_time_std": 7.696596629711589,
    "positions_gained": 2.0,
    "dnf_flag": 1.0,
    "deg_per_10_laps": -0.3262688354810634,
    "laps_completed": 42.0
  },
  "ZHO": {
    "mean_lap_delta_to_field": 1.1713934426229506,
    "lap_time_std": 7.777499239346331,
    "positions_gained": 7.0,
    "dnf_flag": 0.0,
    "deg_per_10_laps": -0.44762671150414235,
    "laps_completed": 62.0
  },
  "HAM": {
    "mean_lap_delta_to_field": -0.5985409836065566,
    "lap_time_std": 9.836373741807732,
    "positions_gained": 1.0,
    "dnf_flag": 0.0,
    "deg_per_10_laps": -0.5215792087017959,
    "laps_completed": 62.0
  },
  "ALO": {
    "mean_lap_delta_to_field": 0.8915901639344269,
    "lap_time_std": 10.423169076786515,
    "positions_gained": -8.0,
    "dnf_flag": 0.0,
    "deg_per_10_laps": -0.044577481629095625,
    "laps_completed": 62.0
  },
  "PIA": {
    "mean_lap_delta_to_field": 0.2911639344262306,
    "lap_time_std": 7.8862348231454735,
    "positions_gained": 8.0,
    "dnf_flag": 0.0,
    "deg_per_10_laps": -0.5330786731431982,
    "laps_completed": 62.0
  },
  "PER": {
    "mean_lap_delta_to_field": 0.5891639344262306,
    "lap_time_std": 8.998297671548343,
    "positions_gained": 6.0,
    "dnf_flag": 0.0,
    "deg_per_10_laps": -0.5298497529787844,
    "laps_completed": 62.0
  },
  "LEC": {
    "mean_lap_delta_to_field": -0.32037704918032706,
    "lap_time_std": 8.620927357879548,
    "positions_gained": -1.0,
    "dnf_flag": 0.0,
    "deg_per_10_laps": -0.18171787271143033,
    "laps_completed": 62.0
  },
  "NOR": {
    "mean_lap_delta_to_field": -0.5975901639344255,
    "lap_time_std": 8.749028586733237,
    "positions_gained": 4.0,
    "dnf_flag": 0.0,
    "deg_per_10_laps": -0.42842928550671183,
    "laps_completed": 62.0
  },
  "LAW": {
    "mean_lap_delta_to_field": 0.6219016393442625,
    "lap_time_std": 7.734625433334768,
    "positions_gained": 4.0,
    "dnf_flag": 0.0,
    "deg_per_10_laps": -0.2210678623323775,
    "laps_completed": 62.0
  },
  "RUS": {
    "mean_lap_delta_to_field": -0.5790499999999997,
    "lap_time_std": 9.915176256955656,
    "positions_gained": 2.0,
    "dnf_flag": 0.0,
    "deg_per_10_laps": -0.4378430660168437,
    "laps_completed": 61.0
  },
  "BOT": {
    "mean_lap_delta_to_field": 1.2546700000000013,
    "lap_time_std": 9.310558263123667,
    "positions_gained": 3.0,
    "dnf_flag": 1.0,
    "deg_per_10_laps": 0.20829779128302198,
    "laps_completed": 51.0
  },
  "GAS": {
    "mean_lap_delta_to_field": 0.20967213114754132,
    "lap_time_std": 8.065549673285783,
    "positions_gained": 6.0,
    "dnf_flag": 0.0,
    "deg_per_10_laps": -0.485732237306439,
    "laps_completed": 62.0
  },
  "ALB": {
    "mean_lap_delta_to_field": 0.47347500000000076,
    "lap_time_std": 6.838031170435911,
    "positions_gained": 5.0,
    "dnf_flag": 0.0,
    "deg_per_10_laps": -0.5996691329117712,
    "laps_completed": 62.0
  },
  "SAI": {
    "mean_lap_delta_to_field": -0.8805833333333333,
    "lap_time_std": 6.155342026873617,
    "positions_gained": 0.0,
    "dnf_flag": 0.0,
    "deg_per_10_laps": -0.06833505810501685,
    "laps_completed": 62.0
  },
  "SAR": {
    "mean_lap_delta_to_field": 0.24285833333333381,
    "lap_time_std": 8.685005987186056,
    "positions_gained": 3.0,
    "dnf_flag": 0.0,
    "deg_per_10_laps": -0.8816731841648298,
    "laps_completed": 62.0
  },
  "HUL": {
    "mean_lap_delta_to_field": 0.8912622950819682,
    "lap_time_std": 7.492002445996642,
    "positions_gained": -3.0,
    "dnf_flag": 0.0,
    "deg_per_10_laps": 0.03051856187983753,
    "laps_completed": 62.0
  },
  "VER": {
    "mean_lap_delta_to_field": -0.10811475409835924,
    "lap_time_std": 9.014221664511027,
    "positions_gained": 6.0,
    "dnf_flag": 0.0,
    "deg_per_10_laps": -0.6822596338273808,
    "laps_completed": 62.0
  },
  "MAG": {
    "mean_lap_delta_to_field": 0.4277416666666677,
    "lap_time_std": 7.201067480404876,
    "positions_gained": -1.0,
    "dnf_flag": 0.0,
    "deg_per_10_laps": -0.6896676354676302,
    "laps_completed": 62.0
  }
}