{
  "ZHO": {
    "mean_lap_delta_to_field": 0.8776617647058838,
    "lap_time_std": 7.271929838723872,
    "positions_gained": -2.0,
    "dnf_flag": 1.0,
    "deg_per_10_laps": -1.5472606480221074,
    "laps_completed": 36.0
  },
  "STR": {
    "mean_lap_delta_to_field": -0.6985937500000006,
    "lap_time_std": 1.398733646967701,
    "positions_gained": 0.0,
    "dnf_flag": 0.0,
    "deg_per_10_laps": -0.6848457774686313,
    "laps_completed": 51.0
  },
  "DEV": {
    "mean_lap_delta_to_field": 1.0055555555555538,
    "lap_time_std": 3.9385093944283063,
    "positions_gained": 5.0,
    "dnf_flag": 1.0,
    "deg_per_10_laps": -8.398000000000042,
    "laps_completed": 9.0
  },
  "SAI": {
    "mean_lap_delta_to_field": -0.9080312500000005,
    "lap_time_std": 1.2012492522192924,
    "positions_gained": -1.0,
    "dnf_flag": 0.0,
    "deg_per_10_laps": -0.6335255318638578,
    "laps_completed": 51.0
  },
  "SAR": {
    "mean_lap_delta_to_field": 1.0911999999999997,
    "lap_time_std": 6.864814923676133,
    "positions_gained": -2.0,
    "dnf_flag": 0.0,
    "deg_per_10_laps": -2.1053834850515214,
    "laps_completed": 51.0
  },
  "HAM": {
    "mean_lap_delta_to_field": -0.05338999999999942,
    "lap_time_std": 8.814581600590548,
    "positions_gained": -1.0,
    "dnf_flag": 0.0,
    "deg_per_10_laps": -2.202462340107492,
    "laps_completed": 51.0
  },
  "ALO": {
    "mean_lap_delta_to_field": -1.304051020408164,
    "lap_time_std": 6.2352599520162455,
    "positions_gained": 2.0,
    "dnf_flag": 0.0,
    "deg_per_10_laps": -1.5213772196252848,
    "laps_completed": 51.0
  },
  "GAS": {
    "mean_lap_delta_to_field": 0.9968039215686286,
    "lap_time_std": 9.565463302986647,
    "positions_gained": 1.0,
    "dnf_flag": 0.0,
    "deg_per_10_laps": -2.9219140271493433,
    "laps_completed": 51.0
  },
  "OCO": {
    "mean_lap_delta_to_field": 0.925459183673469,
    "lap_time_std": 6.043805378785182,
    "positions_gained": 4.0,
    "dnf_flag": 0.0,
    "deg_per_10_laps": -1.122652389903329,
    "laps_completed": 51.0
  },
  "PER": {
    "mean_lap_delta_to_field": -2.041602040816327,
    "lap_time_std": 5.4393165978706115,
    "positions_gained": 2.0,
    "dnf_flag": 0.0,
    "deg_per_10_laps": -1.147205433443771,
    "laps_completed": 51.0
  },
  "LEC": {
    "mean_lap_delta_to_field": -1.5079285714285706,
    "lap_time_std": 5.643205235797593,
    "positions_gained": -2.0,
    "dnf_flag": 0.0,
    "deg_per_10_laps": -1.2678246524723034,
    "laps_completed": 51.0
  },
  "NOR": {
    "mean_lap_delta_to_field": 0.6522300000000008,
    "lap_time_std": 8.268070940154574,
    "positions_gained": -1.0,
    "dnf_flag": 0.0,
    "deg_per_10_laps": -2.095261555376998,
    "laps_completed": 51.0
  },
  "RUS": {
    "mean_lap_delta_to_field": -0.15673958333333302,
    "lap_time_std": 3.171178745596791,
    "positions_gained": 1.0,
    "dnf_flag": 0.0,
    "deg_per_10_laps": -0.31752356510684865,
    "laps_completed": 51.0
  },
  "BOT": {
    "mean_lap_delta_to_field": 1.6385102040816337,
    "lap_time_std": 7.112366768535632,
    "positions_gained": 0.0,
    "dnf_flag": 0.0,
    "deg_per_10_laps": -2.088124594756856,
    "laps_completed": 50.0
  },
  "ALB": {
    "mean_lap_delta_to_field": 0.943686274509805,
    "lap_time_std": 9.315650650047244,
    "positions_gained": 0.0,
    "dnf_flag": 0.0,
    "deg_per_10_laps": -2.649968325791856,
    "laps_completed": 51.0
  },
  "VER": {
    "mean_lap_delta_to_field": -1.8633854166666648,
    "lap_time_std": 1.3107298557963285,
    "positions_gained": 0.0,
    "dnf_flag": 0.0,
    "deg_per_10_laps": -0.6909674285851286,
    "laps_completed": 51.0
  },
  "PIA": {
    "mean_lap_delta_to_field": 0.8306100000000006,
    "lap_time_std": 7.588721949991691,
    "positions_gained": 0.0,
    "dnf_flag": 0.0,
    "deg_per_10_laps": -2.167757138050414,
    "laps_completed": 51.0
  },
  "TSU": {
    "mean_lap_delta_to_field": 0.7509500000000002,
    "lap_time_std": 7.703133175135788,
    "positions_gained": 0.0,
    "dnf_flag": 0.0,
    "deg_per_10_laps": -2.1321210522154503,
    "laps_completed": 51.0
  },
  "HUL": {
    "mean_lap_delta_to_field": 1.326052083333334,
    "lap_time_std": 6.303058593877632,
    "positions_gained": 3.0,
    "dnf_flag": 0.0,
    "deg_per_10_laps": -0.7807991002723029,
    "laps_completed": 50.0
  },
  "MAG": {
    "mean_lap_delta_to_field": 0.4367400000000006,
    "lap_time_std": 6.65203304595594,
    "positions_gained": 0.0,
    "dnf_flag": 0.0,
    "deg_per_10_laps": -1.7618171988355515,
    "laps_completed": 51.0
  }
}