{
  "ZHO": {
    "mean_lap_delta_to_field": 1.3199855072463764,
    "lap_time_std": 4.223218801632474,
    "positions_gained": 0.0,
    "dnf_flag": 0.0,
    "deg_per_10_laps": -0.5408410668615339,
    "laps_completed": 69.0
  },
  "STR": {
    "mean_lap_delta_to_field": 0.6551159420289854,
    "lap_time_std": 3.595872501774726,
    "positions_gained": 0.0,
    "dnf_flag": 0.0,
    "deg_per_10_laps": -0.5954618195104164,
    "laps_completed": 69.0
  },
  "SAI": {
    "mean_lap_delta_to_field": 0.24977142857142912,
    "lap_time_std": 3.372841526508471,
    "positions_gained": -2.0,
    "dnf_flag": 0.0,
    "deg_per_10_laps": -0.5118290613244623,
    "laps_completed": 70.0
  },
  "SAR": {
    "mean_lap_delta_to_field": 1.4845074626865664,
    "lap_time_std": 4.270278074076817,
    "positions_gained": 0.0,
    "dnf_flag": 1.0,
    "deg_per_10_laps": -0.35033362598771045,
    "laps_completed": 67.0
  },
  "HAM": {
    "mean_lap_delta_to_field": -0.2065000000000008,
    "lap_time_std": 3.536310196899531,
    "positions_gained": 0.0,
    "dnf_flag": 0.0,
    "deg_per_10_laps": -0.589592511591291,
    "laps_completed": 70.0
  },
  "ALO": {
    "mean_lap_delta_to_field": 0.31599999999999984,
    "lap_time_std": 3.620154661401064,
    "positions_gained": -2.0,
    "dnf_flag": 0.0,
    "deg_per_10_laps": -0.597640626366893,
    "laps_completed": 70.0
  },
  "RIC": {
    "mean_lap_delta_to_field": 0.9687681159420279,
    "lap_time_std": 3.6620695992548895,
    "positions_gained": 5.0,
    "dnf_flag": 0.0,
    "deg_per_10_laps": -0.6595140664961664,
    "laps_completed": 69.0
  },
  "GAS": {
    "mean_lap_delta_to_field": 30.513499999999993,
    "lap_time_std": 0.0,
    "positions_gained": 0.0,
    "dnf_flag": 1.0,
    "deg_per_10_laps": 0.0,
    "laps_completed": 1.0
  },
  "OCO": {
    "mean_lap_delta_to_field": 13.38825,
    "lap_time_std": 4.089905622383,
    "positions_gained": 0.0,
    "dnf_flag": 1.0,
    "deg_per_10_laps": 0.0,
    "laps_completed": 2.0
  },
  "PER": {
    "mean_lap_delta_to_field": -0.22837142857142986,
    "lap_time_std": 3.349950831226582,
    "positions_gained": 5.0,
    "dnf_flag": 0.0,
    "deg_per_10_laps": -0.5860608870614993,
    "laps_completed": 70.0
  },
  "LEC": {
    "mean_lap_delta_to_field": 0.16754285714285727,
    "lap_time_std": 3.6819667107411713,
    "positions_gained": -1.0,
    "dnf_flag": 0.0,
    "deg_per_10_laps": -0.5291566792056663,
    "laps_completed": 70.0
  },
  "NOR": {
    "mean_lap_delta_to_field": -0.28368571428571515,
    "lap_time_std": 3.0492908697742487,
    "positions_gained": 1.0,
    "dnf_flag": 0.0,
    "deg_per_10_laps": -0.4242374245472792,
    "laps_completed": 70.0
  },
  "RUS": {
    "mean_lap_delta_to_field": 0.17479999999999984,
    "lap_time_std": 3.532865533771437,
    "positions_gained": 7.0,
    "dnf_flag": 0.0,
    "deg_per_10_laps": -0.6718630041116218,
    "laps_completed": 70.0
  },
  "BOT": {
    "mean_lap_delta_to_field": 0.8792318840579713,
    "lap_time_std": 3.5821505557425763,
    "positions_gained": 0.0,
    "dnf_flag": 0.0,
    "deg_per_10_laps": -0.5527606868834538,
    "laps_completed": 69.0
  },
  "ALB": {
    "mean_lap_delta_to_field": 0.8648550724637672,
    "lap_time_std": 3.469993356150794,
    "positions_gained": 4.0,
    "dnf_flag": 0.0,
    "deg_per_10_laps": -0.6709905005480479,
    "laps_completed": 69.0
  },
  "VER": {
    "mean_lap_delta_to_field": -0.7655571428571435,
    "lap_time_std": 3.395284060540413,
    "positions_gained": 0.0,
    "dnf_flag": 0.0,
    "deg_per_10_laps": -0.43802117050126477,
    "laps_completed": 70.0
  },
  "PIA": {
    "mean_lap_delta_to_field": 0.1283285714285725,
    "lap_time_std": 3.1297664642766807,
    "positions_gained": -3.0,
    "dnf_flag": 0.0,
    "deg_per_10_laps": -0.2782948123523702,
    "laps_completed": 70.0
  },
  "TSU": {
    "mean_lap_delta_to_field": 1.1903043478260873,
    "lap_time_std": 3.7370060862261187,
    "positions_gained": -4.0,
    "dnf_flag": 0.0,
    "deg_per_10_laps": -0.4819448301059564,
    "laps_completed": 69.0
  },
  "HUL": {
    "mean_lap_delta_to_field": 1.186753623188405,
    "lap_time_std": 3.3832325126189002,
    "positions_gained": -5.0,
    "dnf_flag": 0.0,
    "deg_per_10_laps": -0.42443770551699456,
    "laps_completed": 69.0
  },
  "MAG": {
    "mean_lap_delta_to_field": 1.6367971014492753,
    "lap_time_std": 3.479226543072782,
    "positions_gained": -4.0,
    "dnf_flag": 0.0,
    "deg_per_10_laps": -0.3737398611618641,
    "laps_completed": 69.0
  }
}