{
  "ZHO": {
    "mean_lap_delta_to_field": 1.0274571428571435,
    "lap_time_std": 8.650217853142898,
    "positions_gained": 1.0,
    "dnf_flag": 0.0,
    "deg_per_10_laps": -1.8678995713410864,
    "laps_completed": 70.0
  },
  "STR": {
    "mean_lap_delta_to_field": 0.5134507042253524,
    "lap_time_std": 9.017249214297934,
    "positions_gained": -1.0,
    "dnf_flag": 0.0,
    "deg_per_10_laps": -1.8790452716297827,
    "laps_completed": 71.0
  },
  "DEV": {
    "mean_lap_delta_to_field": 1.0998857142857148,
    "lap_time_std": 8.579482119385363,
    "positions_gained": 4.0,
    "dnf_flag": 0.0,
    "deg_per_10_laps": -1.8819739305397571,
    "laps_completed": 70.0
  },
  "SAI": {
    "mean_lap_delta_to_field": -0.017056338028168392,
    "lap_time_std": 9.389102334359253,
    "positions_gained": -1.0,
    "dnf_flag": 0.0,
    "deg_per_10_laps": -1.6345459423205921,
    "laps_completed": 71.0
  },
  "SAR": {
    "mean_lap_delta_to_field": 0.9096142857142864,
    "lap_time_std": 9.018534556477393,
    "positions_gained": 4.0,
    "dnf_flag": 0.0,
    "deg_per_10_laps": -1.8341893097716717,
    "laps_completed": 70.0
  },
  "HAM": {
    "mean_lap_delta_to_field": 0.23391549295774552,
    "lap_time_std": 9.42521329863406,
    "positions_gained": -3.0,
    "dnf_flag": 0.0,
    "deg_per_10_laps": -1.6525435949027625,
    "laps_completed": 71.0
  },
  "ALO": {
    "mean_lap_delta_to_field": 0.10885915492957805,
    "lap_time_std": 8.737392307572012,
    "positions_gained": 0.0,
    "dnf_flag": 0.0,
    "deg_per_10_laps": -1.7603101945003372,
    "laps_completed": 71.0
  },
  "GAS": {
    "mean_lap_delta_to_field": 0.49407042253521155,
    "lap_time_std": 9.194797865922384,
    "positions_gained": 1.0,
    "dnf_flag": 0.0,
    "deg_per_10_laps": -1.7277407780013472,
    "laps_completed": 71.0
  },
  "OCO": {
    "mean_lap_delta_to_field": 0.8489857142857146,
    "lap_time_std": 9.269565810261346,
    "positions_gained": 1.0,
    "dnf_flag": 0.0,
    "deg_per_10_laps": -1.7883133584113304,
    "laps_completed": 70.0
  },
  "PER": {
    "mean_lap_delta_to_field": -0.0760563380281681,
    "lap_time_std": 8.70450825816708,
    "positions_gained": 11.0,
    "dnf_flag": 0.0,
    "deg_per_10_laps": -1.8314014084507089,
    "laps_completed": 71.0
  },
  "LEC": {
    "mean_lap_delta_to_field": -0.24553521126760552,
    "lap_time_std": 9.214669421748814,
    "positions_gained": 0.0,
    "dnf_flag": 0.0,
    "deg_per_10_laps": -1.6465576794097885,
    "laps_completed": 71.0
  },
  "NOR": {
    "mean_lap_delta_to_field": 0.05266197183098638,
    "lap_time_std": 9.285785600936485,
    "positions_gained": 0.0,
    "dnf_flag": 0.0,
    "deg_per_10_laps": -1.7045714285714317,
    "laps_completed": 71.0
  },
  "RUS": {
    "mean_lap_delta_to_field": 0.36359154929577464,
    "lap_time_std": 9.073535148027744,
    "positions_gained": 4.0,
    "dnf_flag": 0.0,
    "deg_per_10_laps": -1.8331348088531239,
    "laps_completed": 71.0
  },
  "BOT": {
    "mean_lap_delta_to_field": 1.2866571428571436,
    "lap_time_std": 9.004030105548011,
    "positions_gained": 2.0,
    "dnf_flag": 0.0,
    "deg_per_10_laps": -1.8650189834660131,
    "laps_completed": 70.0
  },
  "ALB": {
    "mean_lap_delta_to_field": 0.6644929577464793,
    "lap_time_std": 9.134310230329572,
    "positions_gained": 0.0,
    "dnf_flag": 0.0,
    "deg_per_10_laps": -1.7695828303152281,
    "laps_completed": 71.0
  },
  "VER": {
    "mean_lap_delta_to_field": -0.31814084507042284,
    "lap_time_std": 9.527266719076284,
    "positions_gained": 0.0,
    "dnf_flag": 0.0,
    "deg_per_10_laps": -1.4672357478202602,
    "laps_completed": 71.0
  },
  "PIA": {
    "mean_lap_delta_to_field": 1.3408285714285713,
    "lap_time_std": 9.392074189802242,
    "positions_gained": -2.0,
    "dnf_flag": 0.0,
    "deg_per_10_laps": -1.8349820663109029,
    "laps_completed": 70.0
  },
  "TSU": {
    "mean_lap_delta_to_field": 1.3166000000000002,
    "lap_time_std": 8.920637328799257,
    "positions_gained": 3.0,
    "dnf_flag": 0.0,
    "deg_per_10_laps": -1.7914289213542125,
    "laps_completed": 70.0
  },
  "HUL": {
    "mean_lap_delta_to_field": 1.7086666666666683,
    "lap_time_std": 16.899601681472387,
    "positions_gained": -12.0,
    "dnf_flag": 1.0,
    "deg_per_10_laps": -24.183881118881153,
    "laps_completed": 12.0
  },
  "MAG": {
    "mean_lap_delta_to_field": 1.32904347826087,
    "lap_time_std": 9.206111267873668,
    "positions_gained": -11.0,
    "dnf_flag": 0.0,
    "deg_per_10_laps": -1.6632398399342638,
    "laps_completed": 70.0
  }
}