{
  "ZHO": {
    "mean_lap_delta_to_field": 1.0892922077922083,
    "lap_time_std": 10.225653984871515,
    "positions_gained": 6.0,
    "dnf_flag": 0.0,
    "deg_per_10_laps": 2.447905515537095,
    "laps_completed": 77.0
  },
  "STR": {
    "mean_lap_delta_to_field": 1.3471037735849067,
    "lap_time_std": 5.239848601760919,
    "positions_gained": 1.0,
    "dnf_flag": 1.0,
    "deg_per_10_laps": 0.5018013223673542,
    "laps_completed": 53.0
  },
  "DEV": {
    "mean_lap_delta_to_field": 0.9005259740259732,
    "lap_time_std": 9.89423031614243,
    "positions_gained": 0.0,
    "dnf_flag": 0.0,
    "deg_per_10_laps": 2.5807805352542212,
    "laps_completed": 77.0
  },
  "SAI": {
    "mean_lap_delta_to_field": -0.13539743589743652,
    "lap_time_std": 10.78774168613679,
    "positions_gained": -4.0,
    "dnf_flag": 0.0,
    "deg_per_10_laps": 2.6510296033080847,
    "laps_completed": 78.0
  },
  "SAR": {
    "mean_lap_delta_to_field": 2.251236842105263,
    "lap_time_std": 10.826960149771349,
    "positions_gained": -3.0,
    "dnf_flag": 1.0,
    "deg_per_10_laps": 2.805803007518791,
    "laps_completed": 76.0
  },
  "HAM": {
    "mean_lap_delta_to_field": -0.44730769230769213,
    "lap_time_std": 9.61104957896502,
    "positions_gained": 1.0,
    "dnf_flag": 0.0,
    "deg_per_10_laps": 2.474216416494902,
    "laps_completed": 78.0
  },
  "ALO": {
    "mean_lap_delta_to_field": -0.5901410256410252,
    "lap_time_std": 10.380362853189169,
    "positions_gained": 0.0,
    "dnf_flag": 0.0,
    "deg_per_10_laps": 2.775459097864163,
    "laps_completed": 78.0
  },
  "GAS": {
    "mean_lap_delta_to_field": -0.14858974358974436,
    "lap_time_std": 9.922315568241329,
    "positions_gained": 0.0,
    "dnf_flag": 0.0,
    "deg_per_10_laps": 2.6271768737591525,
    "laps_completed": 78.0
  },
  "OCO": {
    "mean_lap_delta_to_field": -0.4738717948717949,
    "lap_time_std": 9.603980754198043,
    "positions_gained": 0.0,
    "dnf_flag": 0.0,
    "deg_per_10_laps": 2.518466343782803,
    "laps_completed": 78.0
  },
  "PER": {
    "mean_lap_delta_to_field": 1.9359868421052624,
    "lap_time_std": 12.093270358953239,
    "positions_gained": 1.0,
    "dnf_flag": 1.0,
    "deg_per_10_laps": 3.0030258373205694,
    "laps_completed": 76.0
  },
  "LEC": {
    "mean_lap_delta_to_field": -0.15464102564102541,
    "lap_time_std": 10.22612390972827,
    "positions_gained": 0.0,
    "dnf_flag": 0.0,
    "deg_per_10_laps": 2.6479067767675386,
    "laps_completed": 78.0
  },
  "NOR": {
    "mean_lap_delta_to_field": 0.2088896103896099,
    "lap_time_std": 9.764075418764536,
    "positions_gained": 1.0,
    "dnf_flag": 0.0,
    "deg_per_10_laps": 2.408928439981071,
    "laps_completed": 77.0
  },
  "RUS": {
    "mean_lap_delta_to_field": -0.29061538461538433,
    "lap_time_std": 9.94208594061038,
    "positions_gained": 3.0,
    "dnf_flag": 0.0,
    "deg_per_10_laps": 2.588881498248587,
    "laps_completed": 78.0
  },
  "BOT": {
    "mean_lap_delta_to_field": 0.5322922077922077,
    "lap_time_std": 8.740655989618,
    "positions_gained": 3.0,
    "dnf_flag": 0.0,
    "deg_per_10_laps": 2.356540564698461,
    "laps_completed": 77.0
  },
  "ALB": {
    "mean_lap_delta_to_field": 1.18485064935065,
    "lap_time_std": 9.866901488197062,
    "positions_gained": -1.0,
    "dnf_flag": 0.0,
    "deg_per_10_laps": 2.5240136179609873,
    "laps_completed": 77.0
  },
  "VER": {
    "mean_lap_delta_to_field": -0.9481025641025641,
    "lap_time_std": 10.306162445594298,
    "positions_gained": 0.0,
    "dnf_flag": 0.0,
    "deg_per_10_laps": 2.7433475385374106,
    "laps_completed": 78.0
  },
  "PIA": {
    "mean_lap_delta_to_field": 0.3374350649350653,
    "lap_time_std": 10.081049303205344,
    "positions_gained": 1.0,
    "dnf_flag": 0.0,
    "deg_per_10_laps": 2.4424501813975543,
    "laps_completed": 77.0
  },
  "TSU": {
    "mean_lap_delta_to_field": 1.3902105263157891,
    "lap_time_std": 11.951981450194351,
    "positions_gained": -6.0,
    "dnf_flag": 1.0,
    "deg_per_10_laps": 3.363603417634992,
    "laps_completed": 76.0
  },
  "HUL": {
    "mean_lap_delta_to_field": 1.9291710526315795,
    "lap_time_std": 12.111563541841766,
    "positions_gained": 4.0,
    "dnf_flag": 1.0,
    "deg_per_10_laps": 3.0536719070403215,
    "laps_completed": 76.0
  },
  "MAG": {
    "mean_lap_delta_to_field": 2.331992753623189,
    "lap_time_std": 13.074074744605676,
    "positions_gained": -3.0,
    "dnf_flag": 1.0,
    "deg_per_10_laps": 3.8945609828925587,
    "laps_completed": 70.0
  }
}