{
  "ZHO": {
    "mean_lap_delta_to_field": 1.6333636363636364,
    "lap_time_std": 4.146261478466049,
    "positions_gained": -4.0,
    "dnf_flag": 0.0,
    "deg_per_10_laps": -0.6726089466089492,
    "laps_completed": 55.0
  },
  "STR": {
    "mean_lap_delta_to_field": 0.604,
    "lap_time_std": 4.206462682587356,
    "positions_gained": 11.0,
    "dnf_flag": 0.0,
    "deg_per_10_laps": -1.0247703349282304,
    "laps_completed": 56.0
  },
  "SAI": {
    "mean_lap_delta_to_field": 0.004678571428571944,
    "lap_time_std": 3.738029460738728,
    "positions_gained": -1.0,
    "dnf_flag": 0.0,
    "deg_per_10_laps": -0.6170164046479867,
    "laps_completed": 56.0
  },
  "SAR": {
    "mean_lap_delta_to_field": 1.3058214285714285,
    "lap_time_std": 4.197545026482819,
    "positions_gained": 5.0,
    "dnf_flag": 0.0,
    "deg_per_10_laps": -0.8290608339029358,
    "laps_completed": 56.0
  },
  "HAM": {
    "mean_lap_delta_to_field": -0.22583928571428682,
    "lap_time_std": 3.992510995154377,
    "positions_gained": 2.0,
    "dnf_flag": 0.0,
    "deg_per_10_laps": -0.5731473000683593,
    "laps_completed": 56.0
  },
  "ALO": {
    "mean_lap_delta_to_field": 1.0339183673469392,
    "lap_time_std": 4.347810560117206,
    "positions_gained": 7.0,
    "dnf_flag": 1.0,
    "deg_per_10_laps": -0.4463367346938726,
    "laps_completed": 49.0
  },
  "RIC": {
    "mean_lap_delta_to_field": 1.7292909090909094,
    "lap_time_std": 4.323539567910325,
    "positions_gained": -4.0,
    "dnf_flag": 0.0,
    "deg_per_10_laps": -0.22826911976911762,
    "laps_completed": 55.0
  },
  "GAS": {
    "mean_lap_delta_to_field": 0.5914999999999997,
    "lap_time_std": 3.873744621281726,
    "positions_gained": 2.0,
    "dnf_flag": 0.0,
    "deg_per_10_laps": -0.6274333561175754,
    "laps_completed": 56.0
  },
  "OCO": {
    "mean_lap_delta_to_field": 3.2634166666666666,
    "lap_time_std": 2.3261345977106904,
    "positions_gained": -13.0,
    "dnf_flag": 1.0,
    "deg_per_10_laps": 9.827142857142837,
    "laps_completed": 6.0
  },
  "PER": {
    "mean_lap_delta_to_field": 0.06407142857142897,
    "lap_time_std": 3.880140400960878,
    "positions_gained": 4.0,
    "dnf_flag": 0.0,
    "deg_per_10_laps": -0.6679207108680854,
    "laps_completed": 56.0
  },
  "LEC": {
    "mean_lap_delta_to_field": 0.17482142857142918,
    "lap_time_std": 2.8842651615407906,
    "positions_gained": -4.0,
    "dnf_flag": 0.0,
    "deg_per_10_laps": -0.3839555707450381,
    "laps_completed": 56.0
  },
  "NOR": {
    "mean_lap_delta_to_field": -0.07396428571428564,
    "lap_time_std": 3.738175362948588,
    "positions_gained": -2.0,
    "dnf_flag": 0.0,
    "deg_per_10_laps": -0.3933260423786744,
    "laps_completed": 56.0
  },
  "RUS": {
    "mean_lap_delta_to_field": 0.18083928571428537,
    "lap_time_std": 3.950755457224886,
    "positions_gained": 1.0,
    "dnf_flag": 0.0,
    "deg_per_10_laps": -0.7297412850307499,
    "laps_completed": 56.0
  },
  "BOT": {
    "mean_lap_delta_to_field": 1.4951607142857142,
    "lap_time_std": 3.9884997739035395,
    "positions_gained": 1.0,
    "dnf_flag": 0.0,
    "deg_per_10_laps": -0.7202095010252941,
    "laps_completed": 56.0
  },
  "ALB": {
    "mean_lap_delta_to_field": 1.193607142857143,
    "lap_time_std": 4.055956748149214,
    "positions_gained": 3.0,
    "dnf_flag": 0.0,
    "deg_per_10_laps": -0.7944545454545439,
    "laps_completed": 56.0
  },
  "VER": {
    "mean_lap_delta_to_field": -0.26557142857142807,
    "lap_time_std": 3.899321428645771,
    "positions_gained": 4.0,
    "dnf_flag": 0.0,
    "deg_per_10_laps": -0.6028257006151728,
    "laps_completed": 56.0
  },
  "PIA": {
    "mean_lap_delta_to_field": 1.7033500000000004,
    "lap_time_std": 7.91180700247702,
    "positions_gained": -12.0,
    "dnf_flag": 1.0,
    "deg_per_10_laps": 12.089333333333304,
    "laps_completed": 10.0
  },
  "TSU": {
    "mean_lap_delta_to_field": 1.0627321428571417,
    "lap_time_std": 4.70621404292847,
    "positions_gained": 2.0,
    "dnf_flag": 0.0,
    "deg_per_10_laps": -0.37941182501708726,
    "laps_completed": 56.0
  },
  "HUL": {
    "mean_lap_delta_to_field": 1.3398571428571433,
    "lap_time_std": 4.252345943673364,
    "positions_gained": 6.0,
    "dnf_flag": 0.0,
    "deg_per_10_laps": -0.7191825017088291,
    "laps_completed": 56.0
  },
  "MAG": {
    "mean_lap_delta_to_field": 1.7151090909090907,
    "lap_time_std": 4.278150101493528,
    "positions_gained": 0.0,
    "dnf_flag": 0.0,
    "deg_per_10_laps": -0.7799783549783519,
    "laps_completed": 55.0
  }
}