{
  "ZHO": {
    "mean_lap_delta_to_field": 0.4465263157894744,
    "lap_time_std": 20.248434034704243,
    "positions_gained": 9.0,
    "dnf_flag": 0.0,
    "deg_per_10_laps": -1.8564331086336536,
    "laps_completed": 57.0
  },
  "HAM": {
    "mean_lap_delta_to_field": -0.607945454545454,
    "lap_time_std": 17.541512996798055,
    "positions_gained": -1.0,
    "dnf_flag": 0.0,
    "deg_per_10_laps": -2.1214364889723343,
    "laps_completed": 57.0
  },
  "ALO": {
    "mean_lap_delta_to_field": 0.3501578947368439,
    "lap_time_std": 20.319135778391313,
    "positions_gained": 3.0,
    "dnf_flag": 0.0,
    "deg_per_10_laps": -1.849196266528382,
    "laps_completed": 57.0
  },
  "STR": {
    "mean_lap_delta_to_field": 9.213749999999997,
    "lap_time_std": 23.63425107610926,
    "positions_gained": 1.0,
    "dnf_flag": 1.0,
    "deg_per_10_laps": -47.487380952380946,
    "laps_completed": 8.0
  },
  "PIA": {
    "mean_lap_delta_to_field": -0.5956517857142841,
    "lap_time_std": 20.546400012256072,
    "positions_gained": 4.0,
    "dnf_flag": 0.0,
    "deg_per_10_laps": -1.8162018783708391,
    "laps_completed": 57.0
  },
  "PER": {
    "mean_lap_delta_to_field": -0.4771351351351343,
    "lap_time_std": 20.236276215773515,
    "positions_gained": 4.0,
    "dnf_flag": 1.0,
    "deg_per_10_laps": -2.4114663287472986,
    "laps_completed": 38.0
  },
  "LEC": {
    "mean_lap_delta_to_field": -0.9291727272727263,
    "lap_time_std": 19.841238002013004,
    "positions_gained": 4.0,
    "dnf_flag": 0.0,
    "deg_per_10_laps": -2.145560266001663,
    "laps_completed": 57.0
  },
  "TSU": {
    "mean_lap_delta_to_field": 1.073543859649125,
    "lap_time_std": 19.143202839516885,
    "positions_gained": -1.0,
    "dnf_flag": 0.0,
    "deg_per_10_laps": -1.453498185117965,
    "laps_completed": 57.0
  },
  "LAW": {
    "mean_lap_delta_to_field": 0.8125000000000006,
    "lap_time_std": 17.573326340872182,
    "positions_gained": 2.0,
    "dnf_flag": 0.0,
    "deg_per_10_laps": -1.908209957325747,
    "laps_completed": 57.0
  },
  "NOR": {
    "mean_lap_delta_to_field": -0.916564814814813,
    "lap_time_std": 18.89787253559956,
    "positions_gained": -6.0,
    "dnf_flag": 0.0,
    "deg_per_10_laps": -0.7785019920318531,
    "laps_completed": 57.0
  },
  "RUS": {
    "mean_lap_delta_to_field": 0.1613333333333353,
    "lap_time_std": 20.913836882336476,
    "positions_gained": 1.0,
    "dnf_flag": 0.0,
    "deg_per_10_laps": -1.7073230490018112,
    "laps_completed": 57.0
  },
  "BOT": {
    "mean_lap_delta_to_field": -0.23227272727272505,
    "lap_time_std": 16.141041198689067,
    "positions_gained": 4.0,
    "dnf_flag": 0.0,
    "deg_per_10_laps": -2.619173043371083,
    "laps_completed": 57.0
  },
  "GAS": {
    "mean_lap_delta_to_field": 0.29603508771929815,
    "lap_time_std": 20.74789967318068,
    "positions_gained": 9.0,
    "dnf_flag": 0.0,
    "deg_per_10_laps": -1.8250278714026473,
    "laps_completed": 57.0
  },
  "ALB": {
    "mean_lap_delta_to_field": 1.7313928571428576,
    "lap_time_std": 19.588827256584594,
    "positions_gained": 3.0,
    "dnf_flag": 0.0,
    "deg_per_10_laps": -0.6462556390977493,
    "laps_completed": 56.0
  },
  "SAI": {
    "mean_lap_delta_to_field": 0.30821052631579043,
    "lap_time_std": 21.043655491170675,
    "positions_gained": 2.0,
    "dnf_flag": 0.0,
    "deg_per_10_laps": -1.4911459683692005,
    "laps_completed": 57.0
  },
  "HUL": {
    "mean_lap_delta_to_field": 0.6394615384615401,
    "lap_time_std": 19.691261533654327,
    "positions_gained": 7.0,
    "dnf_flag": 1.0,
    "deg_per_10_laps": -0.2724635627530476,
    "laps_completed": 39.0
  },
  "VER": {
    "mean_lap_delta_to_field": -1.7352169811320746,
    "lap_time_std": 17.24628084824426,
    "positions_gained": 0.0,
    "dnf_flag": 0.0,
    "deg_per_10_laps": -1.4689974246909185,
    "laps_completed": 57.0
  },
  "MAG": {
    "mean_lap_delta_to_field": 0.5661228070175445,
    "lap_time_std": 19.384703388267972,
    "positions_gained": 4.0,
    "dnf_flag": 0.0,
    "deg_per_10_laps": -1.8028623282343756,
    "laps_completed": 57.0
  }
}