{
  "ZHO": {
    "mean_lap_delta_to_field": 1.820692982456141,
    "lap_time_std": 7.5476609718916565,
    "positions_gained": 4.0,
    "dnf_flag": 0.0,
    "deg_per_10_laps": -0.2484716100596308,
    "laps_completed": 57.0
  },
  "STR": {
    "mean_lap_delta_to_field": 0.6666637931034483,
    "lap_time_std": 6.743054368075994,
    "positions_gained": 1.0,
    "dnf_flag": 0.0,
    "deg_per_10_laps": 0.10715586452981875,
    "laps_completed": 58.0
  },
  "SAI": {
    "mean_lap_delta_to_field": -0.9406120689655154,
    "lap_time_std": 5.638843785032745,
    "positions_gained": 1.0,
    "dnf_flag": 0.0,
    "deg_per_10_laps": -0.15518564089944623,
    "laps_completed": 58.0
  },
  "HAM": {
    "mean_lap_delta_to_field": 1.1716666666666689,
    "lap_time_std": 4.340288795526331,
    "positions_gained": -1.0,
    "dnf_flag": 1.0,
    "deg_per_10_laps": -3.24878571428576,
    "laps_completed": 15.0
  },
  "ALO": {
    "mean_lap_delta_to_field": 0.4558017241379322,
    "lap_time_std": 7.554686661566215,
    "positions_gained": 5.0,
    "dnf_flag": 0.0,
    "deg_per_10_laps": 0.3284779599495468,
    "laps_completed": 58.0
  },
  "RIC": {
    "mean_lap_delta_to_field": 1.24551754385965,
    "lap_time_std": 6.085147299811323,
    "positions_gained": 6.0,
    "dnf_flag": 0.0,
    "deg_per_10_laps": -0.515913274565721,
    "laps_completed": 57.0
  },
  "GAS": {
    "mean_lap_delta_to_field": 1.6743771929824576,
    "lap_time_std": 7.519535096136601,
    "positions_gained": 4.0,
    "dnf_flag": 0.0,
    "deg_per_10_laps": -0.048883847549911805,
    "laps_completed": 57.0
  },
  "OCO": {
    "mean_lap_delta_to_field": 1.9906228070175445,
    "lap_time_std": 7.817078679016533,
    "positions_gained": -1.0,
    "dnf_flag": 0.0,
    "deg_per_10_laps": -0.10931812289344087,
    "laps_completed": 57.0
  },
  "PER": {
    "mean_lap_delta_to_field": 0.030232758620691413,
    "lap_time_std": 6.824685594694063,
    "positions_gained": 2.0,
    "dnf_flag": 0.0,
    "deg_per_10_laps": -0.03969546894706101,
    "laps_completed": 58.0
  },
  "LEC": {
    "mean_lap_delta_to_field": -0.8998189655172403,
    "lap_time_std": 5.240058711480055,
    "positions_gained": 2.0,
    "dnf_flag": 0.0,
    "deg_per_10_laps": -0.44543326463441435,
    "laps_completed": 58.0
  },
  "NOR": {
    "mean_lap_delta_to_field": -0.8388189655172401,
    "lap_time_std": 5.378939584541173,
    "positions_gained": 0.0,
    "dnf_flag": 0.0,
    "deg_per_10_laps": -0.34862622658340436,
    "laps_completed": 58.0
  },
  "RUS": {
    "mean_lap_delta_to_field": 0.4422678571428576,
    "lap_time_std": 4.021696389988527,
    "positions_gained": -1.0,
    "dnf_flag": 1.0,
    "deg_per_10_laps": -0.8642036910457969,
    "laps_completed": 56.0
  },
  "BOT": {
    "mean_lap_delta_to_field": 1.7861842105263155,
    "lap_time_std": 8.316050879583983,
    "positions_gained": -2.0,
    "dnf_flag": 0.0,
    "deg_per_10_laps": -0.46509592947887024,
    "laps_completed": 57.0
  },
  "ALB": {
    "mean_lap_delta_to_field": 1.1315000000000008,
    "lap_time_std": 5.535442143694621,
    "positions_gained": 3.0,
    "dnf_flag": 0.0,
    "deg_per_10_laps": -0.43737231008556166,
    "laps_completed": 57.0
  },
  "VER": {
    "mean_lap_delta_to_field": -2.103666666666669,
    "lap_time_std": 2.277161464045395,
    "positions_gained": -1.0,
    "dnf_flag": 1.0,
    "deg_per_10_laps": 0.0,
    "laps_completed": 3.0
  },
  "PIA": {
    "mean_lap_delta_to_field": -0.3238879310344825,
    "lap_time_std": 6.623560215085804,
    "positions_gained": 1.0,
    "dnf_flag": 0.0,
    "deg_per_10_laps": -0.022138792334429478,
    "laps_completed": 58.0
  },
  "TSU": {
    "mean_lap_delta_to_field": 0.7076810344827599,
    "lap_time_std": 6.360524078575914,
    "positions_gained": 1.0,
    "dnf_flag": 0.0,
    "deg_per_10_laps": 0.052114798978737095,
    "laps_completed": 58.0
  },
  "HUL": {
    "mean_lap_delta_to_field": 0.862025862068966,
    "lap_time_std": 6.987070238767897,
    "positions_gained": 7.0,
    "dnf_flag": 0.0,
    "deg_per_10_laps": 0.07948445045987337,
    "laps_completed": 58.0
  },
  "MAG": {
    "mean_lap_delta_to_field": 1.115219298245614,
    "lap_time_std": 5.773300728418003,
    "positions_gained": 3.0,
    "dnf_flag": 0.0,
    "deg_per_10_laps": -0.39320197044334654,
    "laps_completed": 57.0
  }
}