{
  "ZHO": {
    "mean_lap_delta_to_field": 7.375125000000004,
    "lap_time_std": 10.12452298053263,
    "positions_gained": -2.0,
    "dnf_flag": 1.0,
    "deg_per_10_laps": 0.0,
    "laps_completed": 5.0
  },
  "STR": {
    "mean_lap_delta_to_field": 0.9972840909090909,
    "lap_time_std": 2.893543097115121,
    "positions_gained": 3.0,
    "dnf_flag": 0.0,
    "deg_per_10_laps": -1.1572663847779894,
    "laps_completed": 44.0
  },
  "SAI": {
    "mean_lap_delta_to_field": 0.015102272727273137,
    "lap_time_std": 3.3666310431745927,
    "positions_gained": -1.0,
    "dnf_flag": 0.0,
    "deg_per_10_laps": -0.9681670190274659,
    "laps_completed": 44.0
  },
  "SAR": {
    "mean_lap_delta_to_field": 1.5210568181818174,
    "lap_time_std": 3.8345666592964247,
    "positions_gained": 2.0,
    "dnf_flag": 0.0,
    "deg_per_10_laps": -1.4731451726567737,
    "laps_completed": 44.0
  },
  "HAM": {
    "mean_lap_delta_to_field": -0.4228295454545458,
    "lap_time_std": 3.5075051182192203,
    "positions_gained": 0.0,
    "dnf_flag": 0.0,
    "deg_per_10_laps": -1.0129527836504417,
    "laps_completed": 44.0
  },
  "ALO": {
    "mean_lap_delta_to_field": 0.7007386363636356,
    "lap_time_std": 2.6748907123354986,
    "positions_gained": -1.0,
    "dnf_flag": 0.0,
    "deg_per_10_laps": -1.114436222692028,
    "laps_completed": 44.0
  },
  "RIC": {
    "mean_lap_delta_to_field": 0.81353409090909,
    "lap_time_std": 3.7172649420035495,
    "positions_gained": 3.0,
    "dnf_flag": 0.0,
    "deg_per_10_laps": -1.433727977448891,
    "laps_completed": 44.0
  },
  "GAS": {
    "mean_lap_delta_to_field": 1.0280568181818182,
    "lap_time_std": 3.5915580896178474,
    "positions_gained": -2.0,
    "dnf_flag": 0.0,
    "deg_per_10_laps": -1.2356088794925866,
    "laps_completed": 44.0
  },
  "OCO": {
    "mean_lap_delta_to_field": 0.7595795454545446,
    "lap_time_std": 3.5316293755873613,
    "positions_gained": 1.0,
    "dnf_flag": 0.0,
    "deg_per_10_laps": -1.2002480620155018,
    "laps_completed": 44.0
  },
  "PER": {
    "mean_lap_delta_to_field": 0.5469204545454548,
    "lap_time_std": 4.042204371800591,
    "positions_gained": -5.0,
    "dnf_flag": 0.0,
    "deg_per_10_laps": -0.4891099365750414,
    "laps_completed": 44.0
  },
  "LEC": {
    "mean_lap_delta_to_field": -0.24048863636363682,
    "lap_time_std": 3.295448174324957,
    "positions_gained": -3.0,
    "dnf_flag": 0.0,
    "deg_per_10_laps": -0.9535257223396623,
    "laps_completed": 44.0
  },
  "NOR": {
    "mean_lap_delta_to_field": -0.21092045454545397,
    "lap_time_std": 3.2737796767792746,
    "positions_gained": 1.0,
    "dnf_flag": 0.0,
    "deg_per_10_laps": -1.1356081747709448,
    "laps_completed": 44.0
  },
  "BOT": {
    "mean_lap_delta_to_field": 1.1706249999999998,
    "lap_time_std": 3.3210627813827593,
    "positions_gained": -3.0,
    "dnf_flag": 0.0,
    "deg_per_10_laps": -0.9888047921071096,
    "laps_completed": 44.0
  },
  "RUS": {
    "mean_lap_delta_to_field": -0.43478409090909054,
    "lap_time_std": 2.6511052376268522,
    "positions_gained": 4.0,
    "dnf_flag": 0.0,
    "deg_per_10_laps": -1.178360817477077,
    "laps_completed": 44.0
  },
  "ALB": {
    "mean_lap_delta_to_field": 1.0118295454545447,
    "lap_time_std": 3.3582597523052704,
    "positions_gained": -3.0,
    "dnf_flag": 0.0,
    "deg_per_10_laps": -1.1384897815362818,
    "laps_completed": 44.0
  },
  "VER": {
    "mean_lap_delta_to_field": -0.22510227272727237,
    "lap_time_std": 3.4611386268221564,
    "positions_gained": 4.0,
    "dnf_flag": 0.0,
    "deg_per_10_laps": -1.2429922480619933,
    "laps_completed": 44.0
  },
  "PIA": {
    "mean_lap_delta_to_field": -0.40812500000000024,
    "lap_time_std": 3.480904216793451,
    "positions_gained": 1.0,
    "dnf_flag": 0.0,
    "deg_per_10_laps": -1.1507674418604514,
    "laps_completed": 44.0
  },
  "TSU": {
    "mean_lap_delta_to_field": 1.309238636363636,
    "lap_time_std": 3.168376988545292,
    "positions_gained": 2.0,
    "dnf_flag": 0.0,
    "deg_per_10_laps": -1.306052854122595,
    "laps_completed": 44.0
  },
  "HUL": {
    "mean_lap_delta_to_field": 1.584147727272728,
    "lap_time_std": 3.549520310845341,
    "positions_gained": -3.0,
    "dnf_flag": 0.0,
    "deg_per_10_laps": -1.1332001409443246,
    "laps_completed": 44.0
  },
  "MAG": {
    "mean_lap_delta_to_field": 1.0795568181818176,
    "lap_time_std": 3.015213853255991,
    "positions_gained": 2.0,
    "dnf_flag": 0.0,
    "deg_per_10_laps": -1.2498245243128883,
    "laps_completed": 44.0
  }
}