{
  "ZHO": {
    "mean_lap_delta_to_field": 1.265340000000001,
    "lap_time_std": 4.34662092937416,
    "positions_gained": -1.0,
    "dnf_flag": 0.0,
    "deg_per_10_laps": -1.1013560624249776,
    "laps_completed": 50.0
  },
  "STR": {
    "mean_lap_delta_to_field": 1.465680000000002,
    "lap_time_std": 5.482762960145444,
    "positions_gained": 3.0,
    "dnf_flag": 0.0,
    "deg_per_10_laps": -1.3670122448979698,
    "laps_completed": 50.0
  },
  "SAI": {
    "mean_lap_delta_to_field": 0.0217600000000013,
    "lap_time_std": 3.8272265508365937,
    "positions_gained": 0.0,
    "dnf_flag": 0.0,
    "deg_per_10_laps": -1.1445959183673575,
    "laps_completed": 50.0
  },
  "HAM": {
    "mean_lap_delta_to_field": -0.07009999999999905,
    "lap_time_std": 3.9618265358806632,
    "positions_gained": 8.0,
    "dnf_flag": 0.0,
    "deg_per_10_laps": -1.1898352941176586,
    "laps_completed": 50.0
  },
  "ALO": {
    "mean_lap_delta_to_field": 1.1675400000000007,
    "lap_time_std": 4.016737218089293,
    "positions_gained": 4.0,
    "dnf_flag": 0.0,
    "deg_per_10_laps": -1.2707611044417841,
    "laps_completed": 50.0
  },
  "GAS": {
    "mean_lap_delta_to_field": 1.9129666666666651,
    "lap_time_std": 5.300991738299903,
    "positions_gained": -14.0,
    "dnf_flag": 1.0,
    "deg_per_10_laps": 3.6666428571428216,
    "laps_completed": 15.0
  },
  "LAW": {
    "mean_lap_delta_to_field": 1.6037399999999993,
    "lap_time_std": 4.121489067345064,
    "positions_gained": -3.0,
    "dnf_flag": 0.0,
    "deg_per_10_laps": -0.8916600240096129,
    "laps_completed": 50.0
  },
  "OCO": {
    "mean_lap_delta_to_field": 1.8192857142857148,
    "lap_time_std": 4.2955467322264695,
    "positions_gained": -6.0,
    "dnf_flag": 0.0,
    "deg_per_10_laps": -0.5839367346938737,
    "laps_completed": 49.0
  },
  "COL": {
    "mean_lap_delta_to_field": 1.2870800000000004,
    "lap_time_std": 4.186477539821337,
    "positions_gained": 6.0,
    "dnf_flag": 0.0,
    "deg_per_10_laps": -1.2963174069627863,
    "laps_completed": 50.0
  },
  "PER": {
    "mean_lap_delta_to_field": 1.0459199999999993,
    "lap_time_std": 4.363408621755262,
    "positions_gained": 7.0,
    "dnf_flag": 0.0,
    "deg_per_10_laps": -1.1432782713085243,
    "laps_completed": 50.0
  },
  "LEC": {
    "mean_lap_delta_to_field": 0.06930000000000092,
    "lap_time_std": 3.9379905523254006,
    "positions_gained": -2.0,
    "dnf_flag": 0.0,
    "deg_per_10_laps": -1.0970362545018062,
    "laps_completed": 50.0
  },
  "NOR": {
    "mean_lap_delta_to_field": 0.6513400000000005,
    "lap_time_std": 4.239733000064591,
    "positions_gained": 0.0,
    "dnf_flag": 0.0,
    "deg_per_10_laps": -0.8040451380552291,
    "laps_completed": 50.0
  },
  "RUS": {
    "mean_lap_delta_to_field": -0.21635999999999997,
    "lap_time_std": 3.6000899302259497,
    "positions_gained": 0.0,
    "dnf_flag": 0.0,
    "deg_per_10_laps": -0.7546328931572611,
    "laps_completed": 50.0
  },
  "BOT": {
    "mean_lap_delta_to_field": 2.0075510204081635,
    "lap_time_std": 4.512927380500009,
    "positions_gained": 1.0,
    "dnf_flag": 0.0,
    "deg_per_10_laps": -1.0310448979591849,
    "laps_completed": 49.0
  },
  "ALB": {
    "mean_lap_delta_to_field": 1.5059399999999998,
    "lap_time_std": 4.783981567690247,
    "positions_gained": 2.0,
    "dnf_flag": 1.0,
    "deg_per_10_laps": -1.503200000000004,
    "laps_completed": 25.0
  },
  "VER": {
    "mean_lap_delta_to_field": 0.11528000000000077,
    "lap_time_std": 3.8000293043445783,
    "positions_gained": 0.0,
    "dnf_flag": 0.0,
    "deg_per_10_laps": -0.9915711884754002,
    "laps_completed": 50.0
  },
  "PIA": {
    "mean_lap_delta_to_field": 0.8109400000000002,
    "lap_time_std": 4.3514456872377085,
    "positions_gained": 1.0,
    "dnf_flag": 0.0,
    "deg_per_10_laps": -1.175941416566633,
    "laps_completed": 50.0
  },
  "TSU": {
    "mean_lap_delta_to_field": 1.0397999999999998,
    "lap_time_std": 3.856877954977555,
    "positions_gained": -2.0,
    "dnf_flag": 0.0,
    "deg_per_10_laps": -0.9627116446578731,
    "laps_completed": 50.0
  },
  "HUL": {
    "mean_lap_delta_to_field": 0.9797999999999996,
    "lap_time_std": 3.9303412024600397,
    "positions_gained": 1.0,
    "dnf_flag": 0.0,
    "deg_per_10_laps": -0.980339495798332,
    "laps_completed": 50.0
  },
  "MAG": {
    "mean_lap_delta_to_field": 1.1797000000000006,
    "lap_time_std": 3.7484194609875465,
    "positions_gained": 2.0,
    "dnf_flag": 0.0,
    "deg_per_10_laps": -1.3633066026410623,
    "laps_completed": 50.0
  }
}