{
  "ZHO": {
    "mean_lap_delta_to_field": 1.4174714285714292,
    "lap_time_std": 3.672559314881796,
    "positions_gained": 2.0,
    "dnf_flag": 0.0,
    "deg_per_10_laps": -0.16231755751902235,
    "laps_completed": 70.0
  },
  "STR": {
    "mean_lap_delta_to_field": 0.9224999999999999,
    "lap_time_std": 3.5842592044550137,
    "positions_gained": 4.0,
    "dnf_flag": 0.0,
    "deg_per_10_laps": -0.09491173125710538,
    "laps_completed": 70.0
  },
  "SAI": {
    "mean_lap_delta_to_field": -0.1643169014084501,
    "lap_time_std": 3.4634616221997763,
    "positions_gained": 2.0,
    "dnf_flag": 0.0,
    "deg_per_10_laps": -0.07998792756539658,
    "laps_completed": 71.0
  },
  "SAR": {
    "mean_lap_delta_to_field": 1.9041014492753636,
    "lap_time_std": 5.030344165786023,
    "positions_gained": 1.0,
    "dnf_flag": 1.0,
    "deg_per_10_laps": -0.4532524662038746,
    "laps_completed": 69.0
  },
  "HAM": {
    "mean_lap_delta_to_field": 0.0977816901408452,
    "lap_time_std": 3.5937583607321164,
    "positions_gained": 0.0,
    "dnf_flag": 0.0,
    "deg_per_10_laps": 0.01163916834339063,
    "laps_completed": 71.0
  },
  "ALO": {
    "mean_lap_delta_to_field": 1.4571571428571433,
    "lap_time_std": 5.1076735924608725,
    "positions_gained": -5.0,
    "dnf_flag": 0.0,
    "deg_per_10_laps": 0.18301810865191423,
    "laps_completed": 70.0
  },
  "RIC": {
    "mean_lap_delta_to_field": 0.6333732394366195,
    "lap_time_std": 3.4415351715217044,
    "positions_gained": 3.0,
    "dnf_flag": 0.0,
    "deg_per_10_laps": -0.20167806841047128,
    "laps_completed": 71.0
  },
  "GAS": {
    "mean_lap_delta_to_field": 0.641781690140845,
    "lap_time_std": 3.4549163869833777,
    "positions_gained": 1.0,
    "dnf_flag": 0.0,
    "deg_per_10_laps": -0.14631522468142286,
    "laps_completed": 71.0
  },
  "OCO": {
    "mean_lap_delta_to_field": 0.7341619718309867,
    "lap_time_std": 3.513661394954038,
    "positions_gained": -4.0,
    "dnf_flag": 0.0,
    "deg_per_10_laps": -0.08482193158954236,
    "laps_completed": 71.0
  },
  "PER": {
    "mean_lap_delta_to_field": 0.5418661971830979,
    "lap_time_std": 3.840466963559137,
    "positions_gained": -1.0,
    "dnf_flag": 0.0,
    "deg_per_10_laps": 0.04871696847752408,
    "laps_completed": 71.0
  },
  "LEC": {
    "mean_lap_delta_to_field": 0.7162887323943657,
    "lap_time_std": 5.274202157214967,
    "positions_gained": 7.0,
    "dnf_flag": 0.0,
    "deg_per_10_laps": -0.4862696177062415,
    "laps_completed": 71.0
  },
  "NOR": {
    "mean_lap_delta_to_field": 0.38700000000000045,
    "lap_time_std": 6.912816278751365,
    "positions_gained": -4.0,
    "dnf_flag": 1.0,
    "deg_per_10_laps": 0.5632348901098936,
    "laps_completed": 64.0
  },
  "RUS": {
    "mean_lap_delta_to_field": -0.2281619718309849,
    "lap_time_std": 3.4325620647513775,
    "positions_gained": 2.0,
    "dnf_flag": 0.0,
    "deg_per_10_laps": -0.06215928906774532,
    "laps_completed": 71.0
  },
  "BOT": {
    "mean_lap_delta_to_field": 1.0530857142857153,
    "lap_time_std": 3.6795129235055435,
    "positions_gained": 0.0,
    "dnf_flag": 0.0,
    "deg_per_10_laps": -0.11579196920654225,
    "laps_completed": 70.0
  },
  "ALB": {
    "mean_lap_delta_to_field": 0.9315285714285721,
    "lap_time_std": 3.6591151925768317,
    "positions_gained": 1.0,
    "dnf_flag": 0.0,
    "deg_per_10_laps": -0.12717487533898836,
    "laps_completed": 70.0
  },
  "VER": {
    "mean_lap_delta_to_field": 0.1556830985915495,
    "lap_time_std": 5.591279468436988,
    "positions_gained": -4.0,
    "dnf_flag": 0.0,
    "deg_per_10_laps": 0.47764520456069154,
    "laps_completed": 71.0
  },
  "PIA": {
    "mean_lap_delta_to_field": -0.20131690140845063,
    "lap_time_std": 3.4465205737951945,
    "positions_gained": 5.0,
    "dnf_flag": 0.0,
    "deg_per_10_laps": -0.1492424547283723,
    "laps_completed": 71.0
  },
  "TSU": {
    "mean_lap_delta_to_field": 0.964085714285714,
    "lap_time_std": 3.8247736533253636,
    "positions_gained": -1.0,
    "dnf_flag": 0.0,
    "deg_per_10_laps": -0.05778164640013286,
    "laps_completed": 70.0
  },
  "HUL": {
    "mean_lap_delta_to_field": 0.5336408450704219,
    "lap_time_std": 3.4406554704003676,
    "positions_gained": 3.0,
    "dnf_flag": 0.0,
    "deg_per_10_laps": -0.15428437290408975,
    "laps_completed": 71.0
  },
  "MAG": {
    "mean_lap_delta_to_field": 0.6219084507042254,
    "lap_time_std": 3.363140406339965,
    "positions_gained": 2.0,
    "dnf_flag": 0.0,
    "deg_per_10_laps": -0.16029879275654646,
    "laps_completed": 71.0
  }
}