{
  "ZHO": {
    "mean_lap_delta_to_field": 0.4182192982456142,
    "lap_time_std": 8.641131715641635,
    "positions_gained": 3.0,
    "dnf_flag": 0.0,
    "deg_per_10_laps": -0.5701866735805015,
    "laps_completed": 57.0
  },
  "STR": {
    "mean_lap_delta_to_field": 0.33390350877192904,
    "lap_time_std": 8.450498014976853,
    "positions_gained": -2.0,
    "dnf_flag": 0.0,
    "deg_per_10_laps": -0.7750440757065078,
    "laps_completed": 57.0
  },
  "SAI": {
    "mean_lap_delta_to_field": -0.25848245614035076,
    "lap_time_std": 11.179061304975518,
    "positions_gained": 0.0,
    "dnf_flag": 0.0,
    "deg_per_10_laps": -0.45469665543167564,
    "laps_completed": 57.0
  },
  "SAR": {
    "mean_lap_delta_to_field": 0.7738703703703718,
    "lap_time_std": 3.8929953466746867,
    "positions_gained": -2.0,
    "dnf_flag": 1.0,
    "deg_per_10_laps": -0.7411355311355154,
    "laps_completed": 27.0
  },
  "HAM": {
    "mean_lap_delta_to_field": -0.1676403508771929,
    "lap_time_std": 9.207758303119803,
    "positions_gained": 1.0,
    "dnf_flag": 0.0,
    "deg_per_10_laps": -0.6885383717915426,
    "laps_completed": 57.0
  },
  "ALO": {
    "mean_lap_delta_to_field": 0.1923947368421057,
    "lap_time_std": 8.254186826000566,
    "positions_gained": 3.0,
    "dnf_flag": 0.0,
    "deg_per_10_laps": -0.6683698470313744,
    "laps_completed": 57.0
  },
  "RIC": {
    "mean_lap_delta_to_field": 0.4353596491228073,
    "lap_time_std": 8.370693063392595,
    "positions_gained": 4.0,
    "dnf_flag": 0.0,
    "deg_per_10_laps": -0.6447640653357465,
    "laps_completed": 57.0
  },
  "GAS": {
    "mean_lap_delta_to_field": 0.33013157894736833,
    "lap_time_std": 8.129851847753196,
    "positions_gained": 1.0,
    "dnf_flag": 0.0,
    "deg_per_10_laps": -0.680042131190044,
    "laps_completed": 57.0
  },
  "OCO": {
    "mean_lap_delta_to_field": 0.23869298245614046,
    "lap_time_std": 8.519038637892763,
    "positions_gained": 4.0,
    "dnf_flag": 0.0,
    "deg_per_10_laps": -0.6055114078299157,
    "laps_completed": 57.0
  },
  "PER": {
    "mean_lap_delta_to_field": -0.20158771929824607,
    "lap_time_std": 10.463309146165015,
    "positions_gained": 0.0,
    "dnf_flag": 0.0,
    "deg_per_10_laps": -0.624417293233085,
    "laps_completed": 57.0
  },
  "LEC": {
    "mean_lap_delta_to_field": -0.6662767857142854,
    "lap_time_std": 8.77794216861699,
    "positions_gained": -1.0,
    "dnf_flag": 0.0,
    "deg_per_10_laps": -0.6110364755545997,
    "laps_completed": 57.0
  },
  "NOR": {
    "mean_lap_delta_to_field": -0.9250982142857137,
    "lap_time_std": 8.990661619616297,
    "positions_gained": 5.0,
    "dnf_flag": 0.0,
    "deg_per_10_laps": -0.6353122745250149,
    "laps_completed": 57.0
  },
  "RUS": {
    "mean_lap_delta_to_field": 0.15172807017543857,
    "lap_time_std": 8.704117204023538,
    "positions_gained": 2.0,
    "dnf_flag": 0.0,
    "deg_per_10_laps": -0.5403960331864123,
    "laps_completed": 57.0
  },
  "BOT": {
    "mean_lap_delta_to_field": 0.4599210526315793,
    "lap_time_std": 8.0527348787193,
    "positions_gained": 2.0,
    "dnf_flag": 0.0,
    "deg_per_10_laps": -0.8301451905626136,
    "laps_completed": 57.0
  },
  "ALB": {
    "mean_lap_delta_to_field": 0.8763245614035086,
    "lap_time_std": 8.122735523421811,
    "positions_gained": -4.0,
    "dnf_flag": 0.0,
    "deg_per_10_laps": -0.2870151672284162,
    "laps_completed": 57.0
  },
  "VER": {
    "mean_lap_delta_to_field": -0.760473214285714,
    "lap_time_std": 8.960922535542146,
    "positions_gained": -1.0,
    "dnf_flag": 0.0,
    "deg_per_10_laps": -0.5130619082638834,
    "laps_completed": 57.0
  },
  "PIA": {
    "mean_lap_delta_to_field": 0.07409821428571485,
    "lap_time_std": 9.121665259631396,
    "positions_gained": -11.0,
    "dnf_flag": 0.0,
    "deg_per_10_laps": -0.15330219872488282,
    "laps_completed": 57.0
  },
  "TSU": {
    "mean_lap_delta_to_field": 0.0007807017543869502,
    "lap_time_std": 9.925378267855843,
    "positions_gained": 2.0,
    "dnf_flag": 0.0,
    "deg_per_10_laps": -0.6091483017889517,
    "laps_completed": 57.0
  },
  "HUL": {
    "mean_lap_delta_to_field": 0.25699122807017644,
    "lap_time_std": 8.40926807811769,
    "positions_gained": -3.0,
    "dnf_flag": 0.0,
    "deg_per_10_laps": -0.7379038112522663,
    "laps_completed": 57.0
  },
  "MAG": {
    "mean_lap_delta_to_field": 0.500745614035087,
    "lap_time_std": 10.410251458018337,
    "positions_gained": -1.0,
    "dnf_flag": 0.0,
    "deg_per_10_laps": -0.8122711952294455,
    "laps_completed": 57.0
  }
}