{
  "ZHO": {
    "mean_lap_delta_to_field": 1.32540322580645,
    "lap_time_std": 3.288160287357805,
    "positions_gained": 3.0,
    "dnf_flag": 0.0,
    "deg_per_10_laps": -0.22195185213164687,
    "laps_completed": 62.0
  },
  "STR": {
    "mean_lap_delta_to_field": 0.5713968253968241,
    "lap_time_std": 3.098304026190727,
    "positions_gained": 4.0,
    "dnf_flag": 0.0,
    "deg_per_10_laps": -0.33090197772656393,
    "laps_completed": 63.0
  },
  "SAI": {
    "mean_lap_delta_to_field": -0.3370317460317477,
    "lap_time_std": 3.0224481356540918,
    "positions_gained": -1.0,
    "dnf_flag": 0.0,
    "deg_per_10_laps": -0.23937067972350284,
    "laps_completed": 63.0
  },
  "SAR": {
    "mean_lap_delta_to_field": 1.4240806451612895,
    "lap_time_std": 3.6165222887599953,
    "positions_gained": 2.0,
    "dnf_flag": 0.0,
    "deg_per_10_laps": -0.3037669663317506,
    "laps_completed": 62.0
  },
  "HAM": {
    "mean_lap_delta_to_field": -0.1341904761904763,
    "lap_time_std": 3.029951786239004,
    "positions_gained": 1.0,
    "dnf_flag": 0.0,
    "deg_per_10_laps": -0.32720910138248405,
    "laps_completed": 63.0
  },
  "ALO": {
    "mean_lap_delta_to_field": 1.8123548387096766,
    "lap_time_std": 5.417250361055155,
    "positions_gained": 1.0,
    "dnf_flag": 0.0,
    "deg_per_10_laps": -0.11769685981214333,
    "laps_completed": 62.0
  },
  "RIC": {
    "mean_lap_delta_to_field": 1.0468225806451603,
    "lap_time_std": 3.067302097240786,
    "positions_gained": -2.0,
    "dnf_flag": 0.0,
    "deg_per_10_laps": -0.2859013875248636,
    "laps_completed": 62.0
  },
  "GAS": {
    "mean_lap_delta_to_field": 1.4025322580645148,
    "lap_time_std": 4.261012498537371,
    "positions_gained": -1.0,
    "dnf_flag": 0.0,
    "deg_per_10_laps": -0.38861297877162915,
    "laps_completed": 62.0
  },
  "OCO": {
    "mean_lap_delta_to_field": 1.308854838709677,
    "lap_time_std": 3.1488686217914887,
    "positions_gained": -2.0,
    "dnf_flag": 0.0,
    "deg_per_10_laps": -0.16347183400065807,
    "laps_completed": 62.0
  },
  "PER": {
    "mean_lap_delta_to_field": 0.17806349206349098,
    "lap_time_std": 3.1927298310683163,
    "positions_gained": 2.0,
    "dnf_flag": 0.0,
    "deg_per_10_laps": -0.4583918970814056,
    "laps_completed": 63.0
  },
  "LEC": {
    "mean_lap_delta_to_field": -0.565746031746033,
    "lap_time_std": 3.149604331817661,
    "positions_gained": 0.0,
    "dnf_flag": 0.0,
    "deg_per_10_laps": -0.27339717741936065,
    "laps_completed": 63.0
  },
  "NOR": {
    "mean_lap_delta_to_field": -0.6798888888888893,
    "lap_time_std": 3.114160962072431,
    "positions_gained": 0.0,
    "dnf_flag": 0.0,
    "deg_per_10_laps": -0.3432627688172071,
    "laps_completed": 63.0
  },
  "RUS": {
    "mean_lap_delta_to_field": 0.057079365079363786,
    "lap_time_std": 4.20708593050174,
    "positions_gained": -1.0,
    "dnf_flag": 0.0,
    "deg_per_10_laps": -0.1934101382488484,
    "laps_completed": 63.0
  },
  "BOT": {
    "mean_lap_delta_to_field": 1.5094354838709672,
    "lap_time_std": 3.2954443273878478,
    "positions_gained": -1.0,
    "dnf_flag": 0.0,
    "deg_per_10_laps": -0.12329455314648347,
    "laps_completed": 62.0
  },
  "ALB": {
    "mean_lap_delta_to_field": 2.295639999999999,
    "lap_time_std": 7.278859730418085,
    "positions_gained": -6.0,
    "dnf_flag": 1.0,
    "deg_per_10_laps": -0.717827752477401,
    "laps_completed": 51.0
  },
  "VER": {
    "mean_lap_delta_to_field": -0.6913968253968265,
    "lap_time_std": 2.9566906203516092,
    "positions_gained": 0.0,
    "dnf_flag": 0.0,
    "deg_per_10_laps": -0.19044450844853844,
    "laps_completed": 63.0
  },
  "PIA": {
    "mean_lap_delta_to_field": -0.46707936507936626,
    "lap_time_std": 2.952943451481889,
    "positions_gained": 1.0,
    "dnf_flag": 0.0,
    "deg_per_10_laps": -0.32382728494623414,
    "laps_completed": 63.0
  },
  "TSU": {
    "mean_lap_delta_to_field": 0.8886774193548378,
    "lap_time_std": 2.9019472721581345,
    "positions_gained": -1.0,
    "dnf_flag": 0.0,
    "deg_per_10_laps": -0.26251668303492853,
    "laps_completed": 62.0
  },
  "HUL": {
    "mean_lap_delta_to_field": 1.0083709677419348,
    "lap_time_std": 2.9279707426392543,
    "positions_gained": -3.0,
    "dnf_flag": 0.0,
    "deg_per_10_laps": -0.21371534335574716,
    "laps_completed": 62.0
  },
  "MAG": {
    "mean_lap_delta_to_field": 1.0270322580645148,
    "lap_time_std": 3.3605799772038587,
    "positions_gained": 4.0,
    "dnf_flag": 0.0,
    "deg_per_10_laps": -0.3186935609780616,
    "laps_completed": 62.0
  }
}