{
  "ZHO": {
    "mean_lap_delta_to_field": 3.98671,
    "lap_time_std": 9.213346745624099,
    "positions_gained": -3.0,
    "dnf_flag": 1.0,
    "deg_per_10_laps": -0.3801464585834427,
    "laps_completed": 50.0
  },
  "STR": {
    "mean_lap_delta_to_field": 0.3877499999999994,
    "lap_time_std": 6.872325767672368,
    "positions_gained": 1.0,
    "dnf_flag": 0.0,
    "deg_per_10_laps": 0.08941688721932517,
    "laps_completed": 52.0
  },
  "SAI": {
    "mean_lap_delta_to_field": 0.2098461538461534,
    "lap_time_std": 7.16307417939198,
    "positions_gained": 2.0,
    "dnf_flag": 0.0,
    "deg_per_10_laps": 0.592541193545635,
    "laps_completed": 52.0
  },
  "SAR": {
    "mean_lap_delta_to_field": 1.0106538461538455,
    "lap_time_std": 7.44423564464185,
    "positions_gained": 3.0,
    "dnf_flag": 0.0,
    "deg_per_10_laps": 0.1534786135063523,
    "laps_completed": 52.0
  },
  "HAM": {
    "mean_lap_delta_to_field": -0.7001153846153847,
    "lap_time_std": 6.837995927815657,
    "positions_gained": 2.0,
    "dnf_flag": 0.0,
    "deg_per_10_laps": 0.18763467941604234,
    "laps_completed": 52.0
  },
  "ALO": {
    "mean_lap_delta_to_field": 0.5225192307692303,
    "lap_time_std": 7.410280702137037,
    "positions_gained": 3.0,
    "dnf_flag": 0.0,
    "deg_per_10_laps": 0.0666558524716049,
    "laps_completed": 52.0
  },
  "RIC": {
    "mean_lap_delta_to_field": 1.2554411764705877,
    "lap_time_std": 7.2148453926608855,
    "positions_gained": 3.0,
    "dnf_flag": 0.0,
    "deg_per_10_laps": 0.3374135746606333,
    "laps_completed": 51.0
  },
  "OCO": {
    "mean_lap_delta_to_field": 3.1108300000000004,
    "lap_time_std": 8.321059017397989,
    "positions_gained": 1.0,
    "dnf_flag": 1.0,
    "deg_per_10_laps": 0.07011716686672505,
    "laps_completed": 50.0
  },
  "PER": {
    "mean_lap_delta_to_field": 3.2572899999999994,
    "lap_time_std": 9.374650656979604,
    "positions_gained": 3.0,
    "dnf_flag": 1.0,
    "deg_per_10_laps": 0.8070597839135567,
    "laps_completed": 50.0
  },
  "LEC": {
    "mean_lap_delta_to_field": 1.8541862745098043,
    "lap_time_std": 8.42574545270182,
    "positions_gained": -5.0,
    "dnf_flag": 0.0,
    "deg_per_10_laps": -0.2290434389140358,
    "laps_completed": 51.0
  },
  "NOR": {
    "mean_lap_delta_to_field": -0.5549807692307697,
    "lap_time_std": 6.543680656591133,
    "positions_gained": 2.0,
    "dnf_flag": 0.0,
    "deg_per_10_laps": 0.33383334756253735,
    "laps_completed": 52.0
  },
  "BOT": {
    "mean_lap_delta_to_field": 1.8806176470588236,
    "lap_time_std": 7.597499832723613,
    "positions_gained": 4.0,
    "dnf_flag": 0.0,
    "deg_per_10_laps": 0.2501665158370933,
    "laps_completed": 51.0
  },
  "RUS": {
    "mean_lap_delta_to_field": -0.8076666666666678,
    "lap_time_std": 7.151752110629536,
    "positions_gained": -2.0,
    "dnf_flag": 1.0,
    "deg_per_10_laps": 4.7026102941176475,
    "laps_completed": 33.0
  },
  "ALB": {
    "mean_lap_delta_to_field": 0.6150192307692296,
    "lap_time_std": 7.605862008239841,
    "positions_gained": 4.0,
    "dnf_flag": 0.0,
    "deg_per_10_laps": -0.03803893110219349,
    "laps_completed": 52.0
  },
  "VER": {
    "mean_lap_delta_to_field": -0.671942307692308,
    "lap_time_std": 6.702656985153982,
    "positions_gained": 2.0,
    "dnf_flag": 0.0,
    "deg_per_10_laps": 0.00552463075216023,
    "laps_completed": 52.0
  },
  "PIA": {
    "mean_lap_delta_to_field": -0.4610961538461545,
    "lap_time_std": 7.334520069614892,
    "positions_gained": 2.0,
    "dnf_flag": 0.0,
    "deg_per_10_laps": 0.08264321693843767,
    "laps_completed": 52.0
  },
  "TSU": {
    "mean_lap_delta_to_field": 0.824942307692307,
    "lap_time_std": 7.097897476699953,
    "positions_gained": 2.0,
    "dnf_flag": 0.0,
    "deg_per_10_laps": 0.23671390762400768,
    "laps_completed": 52.0
  },
  "HUL": {
    "mean_lap_delta_to_field": 0.37146153846153823,
    "lap_time_std": 6.7970096242540485,
    "positions_gained": 4.0,
    "dnf_flag": 0.0,
    "deg_per_10_laps": 0.13529454452318446,
    "laps_completed": 52.0
  },
  "MAG": {
    "mean_lap_delta_to_field": 1.0335961538461536,
    "lap_time_std": 7.832914884430116,
    "positions_gained": 6.0,
    "dnf_flag": 0.0,
    "deg_per_10_laps": 0.13226841970460435,
    "laps_completed": 52.0
  }
}