{
  "ZHO": {
    "mean_lap_delta_to_field": 1.857048076923077,
    "lap_time_std": 3.6441525368616987,
    "positions_gained": 2.0,
    "dnf_flag": 0.0,
    "deg_per_10_laps": -0.6018995987364457,
    "laps_completed": 52.0
  },
  "STR": {
    "mean_lap_delta_to_field": 1.9234519230769243,
    "lap_time_std": 5.457026560497565,
    "positions_gained": -2.0,
    "dnf_flag": 0.0,
    "deg_per_10_laps": -0.062206522667119735,
    "laps_completed": 52.0
  },
  "SAI": {
    "mean_lap_delta_to_field": -0.21799056603773503,
    "lap_time_std": 3.0952681684844503,
    "positions_gained": 0.0,
    "dnf_flag": 0.0,
    "deg_per_10_laps": -0.5835945815191155,
    "laps_completed": 53.0
  },
  "HAM": {
    "mean_lap_delta_to_field": -0.08216037735848952,
    "lap_time_std": 4.1985892293353535,
    "positions_gained": 0.0,
    "dnf_flag": 0.0,
    "deg_per_10_laps": -0.7688840509595178,
    "laps_completed": 53.0
  },
  "ALO": {
    "mean_lap_delta_to_field": 0.7796320754716983,
    "lap_time_std": 4.17896278181383,
    "positions_gained": -1.0,
    "dnf_flag": 0.0,
    "deg_per_10_laps": -0.8357329462989851,
    "laps_completed": 53.0
  },
  "RIC": {
    "mean_lap_delta_to_field": 0.9675,
    "lap_time_std": 3.969056766003248,
    "positions_gained": -1.0,
    "dnf_flag": 0.0,
    "deg_per_10_laps": -0.8558014836316747,
    "laps_completed": 53.0
  },
  "GAS": {
    "mean_lap_delta_to_field": 1.4395288461538471,
    "lap_time_std": 4.33039993289401,
    "positions_gained": -2.0,
    "dnf_flag": 0.0,
    "deg_per_10_laps": -0.8333659182105382,
    "laps_completed": 52.0
  },
  "OCO": {
    "mean_lap_delta_to_field": 1.3302019230769238,
    "lap_time_std": 3.0944206662034275,
    "positions_gained": 1.0,
    "dnf_flag": 0.0,
    "deg_per_10_laps": -0.4574071544437836,
    "laps_completed": 52.0
  },
  "COL": {
    "mean_lap_delta_to_field": 1.0213867924528313,
    "lap_time_std": 3.395932000982575,
    "positions_gained": 5.0,
    "dnf_flag": 0.0,
    "deg_per_10_laps": -0.8735341074020393,
    "laps_completed": 53.0
  },
  "PER": {
    "mean_lap_delta_to_field": 0.5089339622641516,
    "lap_time_std": 4.130440695306686,
    "positions_gained": 0.0,
    "dnf_flag": 0.0,
    "deg_per_10_laps": -0.498130946621512,
    "laps_completed": 53.0
  },
  "LEC": {
    "mean_lap_delta_to_field": -0.5127264150943392,
    "lap_time_std": 3.088701429220366,
    "positions_gained": 1.0,
    "dnf_flag": 0.0,
    "deg_per_10_laps": -0.6214828253507502,
    "laps_completed": 53.0
  },
  "NOR": {
    "mean_lap_delta_to_field": -0.3966320754716968,
    "lap_time_std": 4.155546630063234,
    "positions_gained": 0.0,
    "dnf_flag": 0.0,
    "deg_per_10_laps": -0.785808740525724,
    "laps_completed": 53.0
  },
  "RUS": {
    "mean_lap_delta_to_field": 0.23661320754717158,
    "lap_time_std": 5.194251197586463,
    "positions_gained": 0.0,
    "dnf_flag": 0.0,
    "deg_per_10_laps": -1.0804539590388724,
    "laps_completed": 53.0
  },
  "BOT": {
    "mean_lap_delta_to_field": 1.6100480769230776,
    "lap_time_std": 3.2673975712156826,
    "positions_gained": 3.0,
    "dnf_flag": 0.0,
    "deg_per_10_laps": -0.5936532058396671,
    "laps_completed": 52.0
  },
  "ALB": {
    "mean_lap_delta_to_field": 0.7600283018867928,
    "lap_time_std": 3.185222282072617,
    "positions_gained": -1.0,
    "dnf_flag": 0.0,
    "deg_per_10_laps": -0.7338558297048863,
    "laps_completed": 53.0
  },
  "VER": {
    "mean_lap_delta_to_field": 0.20297169811320823,
    "lap_time_std": 4.47825603236761,
    "positions_gained": 0.0,
    "dnf_flag": 0.0,
    "deg_per_10_laps": -0.5169924205773303,
    "laps_completed": 53.0
  },
  "PIA": {
    "mean_lap_delta_to_field": -0.4624622641509427,
    "lap_time_std": 4.13086759083069,
    "positions_gained": -1.0,
    "dnf_flag": 0.0,
    "deg_per_10_laps": -0.5754821802934984,
    "laps_completed": 53.0
  },
  "TSU": {
    "mean_lap_delta_to_field": 3.7905000000000006,
    "lap_time_std": 5.268238437855225,
    "positions_gained": -5.0,
    "dnf_flag": 1.0,
    "deg_per_10_laps": 8.106428571428596,
    "laps_completed": 7.0
  },
  "HUL": {
    "mean_lap_delta_to_field": 1.6804134615384618,
    "lap_time_std": 6.728142897022936,
    "positions_gained": -1.0,
    "dnf_flag": 0.0,
    "deg_per_10_laps": -1.1570396141039871,
    "laps_completed": 52.0
  },
  "MAG": {
    "mean_lap_delta_to_field": 0.5873113207547175,
    "lap_time_std": 3.417478036703353,
    "positions_gained": 3.0,
    "dnf_flag": 0.0,
    "deg_per_10_laps": -0.944969359780688,
    "laps_completed": 53.0
  }
}