{
  "ZHO": {
    "mean_lap_delta_to_field": 1.1620526315789468,
    "lap_time_std": 6.2376323416279815,
    "positions_gained": 1.0,
    "dnf_flag": 0.0,
    "deg_per_10_laps": -1.2474462017111716,
    "laps_completed": 57.0
  },
  "STR": {
    "mean_lap_delta_to_field": 1.0948421052631565,
    "lap_time_std": 5.197546033350449,
    "positions_gained": -2.0,
    "dnf_flag": 0.0,
    "deg_per_10_laps": -1.1632447498055496,
    "laps_completed": 57.0
  },
  "SAI": {
    "mean_lap_delta_to_field": -0.5934655172413794,
    "lap_time_std": 4.156829136609042,
    "positions_gained": 1.0,
    "dnf_flag": 0.0,
    "deg_per_10_laps": -0.9503143744809075,
    "laps_completed": 58.0
  },
  "HAM": {
    "mean_lap_delta_to_field": -0.06500000000000018,
    "lap_time_std": 4.870169895957118,
    "positions_gained": 9.0,
    "dnf_flag": 0.0,
    "deg_per_10_laps": -1.283898612691874,
    "laps_completed": 58.0
  },
  "ALO": {
    "mean_lap_delta_to_field": 0.7262068965517228,
    "lap_time_std": 5.085085380411408,
    "positions_gained": -2.0,
    "dnf_flag": 0.0,
    "deg_per_10_laps": -1.1736719062413477,
    "laps_completed": 58.0
  },
  "GAS": {
    "mean_lap_delta_to_field": 0.5570172413793109,
    "lap_time_std": 4.067250030988946,
    "positions_gained": -3.0,
    "dnf_flag": 0.0,
    "deg_per_10_laps": -0.86254175766712,
    "laps_completed": 58.0
  },
  "LAW": {
    "mean_lap_delta_to_field": 1.9873272727272717,
    "lap_time_std": 7.16878038793943,
    "positions_gained": -6.0,
    "dnf_flag": 1.0,
    "deg_per_10_laps": -1.1983023088023073,
    "laps_completed": 55.0
  },
  "COL": {
    "mean_lap_delta_to_field": 3.3057307692307702,
    "lap_time_std": 10.855300667345034,
    "positions_gained": 0.0,
    "dnf_flag": 1.0,
    "deg_per_10_laps": -7.045504273504274,
    "laps_completed": 26.0
  },
  "LEC": {
    "mean_lap_delta_to_field": -0.143534482758621,
    "lap_time_std": 4.4312147694544075,
    "positions_gained": 6.0,
    "dnf_flag": 0.0,
    "deg_per_10_laps": -1.1383527638500246,
    "laps_completed": 58.0
  },
  "NOR": {
    "mean_lap_delta_to_field": -0.6940172413793113,
    "lap_time_std": 4.079568846543005,
    "positions_gained": 0.0,
    "dnf_flag": 0.0,
    "deg_per_10_laps": -0.896436371466365,
    "laps_completed": 58.0
  },
  "RUS": {
    "mean_lap_delta_to_field": -0.04681034482758675,
    "lap_time_std": 4.205957116217466,
    "positions_gained": 0.0,
    "dnf_flag": 0.0,
    "deg_per_10_laps": -1.018254944784522,
    "laps_completed": 58.0
  },
  "BOT": {
    "mean_lap_delta_to_field": 3.445733333333332,
    "lap_time_std": 12.734899632257735,
    "positions_gained": -4.0,
    "dnf_flag": 1.0,
    "deg_per_10_laps": -0.6529210233592676,
    "laps_completed": 30.0
  },
  "DOO": {
    "mean_lap_delta_to_field": 1.3243508771929815,
    "lap_time_std": 5.119091807986699,
    "positions_gained": 2.0,
    "dnf_flag": 0.0,
    "deg_per_10_laps": -1.1432933627171367,
    "laps_completed": 57.0
  },
  "ALB": {
    "mean_lap_delta_to_field": 1.055859649122807,
    "lap_time_std": 4.985245707086564,
    "positions_gained": 5.0,
    "dnf_flag": 0.0,
    "deg_per_10_laps": -1.0527858439201356,
    "laps_completed": 57.0
  },
  "VER": {
    "mean_lap_delta_to_field": 0.16541379310344792,
    "lap_time_std": 5.512578308667857,
    "positions_gained": 6.0,
    "dnf_flag": 0.0,
    "deg_per_10_laps": -1.1639662862591913,
    "laps_completed": 58.0
  },
  "PIA": {
    "mean_lap_delta_to_field": 0.7511724137931026,
    "lap_time_std": 6.791617723746323,
    "positions_gained": 10.0,
    "dnf_flag": 0.0,
    "deg_per_10_laps": -1.5049672398412821,
    "laps_completed": 58.0
  },
  "TSU": {
    "mean_lap_delta_to_field": 1.1170350877192983,
    "lap_time_std": 5.18306703830453,
    "positions_gained": 5.0,
    "dnf_flag": 0.0,
    "deg_per_10_laps": -1.13280852994555,
    "laps_completed": 57.0
  },
  "HUL": {
    "mean_lap_delta_to_field": 0.6086379310344823,
    "lap_time_std": 4.079992211902283,
    "positions_gained": -2.0,
    "dnf_flag": 0.0,
    "deg_per_10_laps": -0.9135300993570966,
    "laps_completed": 58.0
  },
  "MAG": {
    "mean_lap_delta_to_field": 2.2198245614035086,
    "lap_time_std": 7.251481525361327,
    "positions_gained": -8.0,
    "dnf_flag": 0.0,
    "deg_per_10_laps": -0.6243596059113319,
    "laps_completed": 57.0
  }
}