{
  "BEA": {
    "mean_lap_delta_to_field": -0.15793877551020272,
    "lap_time_std": 9.311536139225844,
    "positions_gained": 4.0,
    "dnf_flag": 0.0,
    "deg_per_10_laps": -2.6009349363507734,
    "laps_completed": 50.0
  },
  "ZHO": {
    "mean_lap_delta_to_field": 1.771437500000001,
    "lap_time_std": 11.25002061840112,
    "positions_gained": 1.0,
    "dnf_flag": 0.0,
    "deg_per_10_laps": -1.9699076799659734,
    "laps_completed": 49.0
  },
  "STR": {
    "mean_lap_delta_to_field": -0.13719999999999857,
    "lap_time_std": 2.9731662079338914,
    "positions_gained": 0.0,
    "dnf_flag": 1.0,
    "deg_per_10_laps": -14.096999999999962,
    "laps_completed": 5.0
  },
  "SAR": {
    "mean_lap_delta_to_field": 1.0723333333333345,
    "lap_time_std": 8.765516820643185,
    "positions_gained": 3.0,
    "dnf_flag": 0.0,
    "deg_per_10_laps": -2.463622838030062,
    "laps_completed": 49.0
  },
  "HAM": {
    "mean_lap_delta_to_field": -0.22570833333333282,
    "lap_time_std": 5.590564802123092,
    "positions_gained": -1.0,
    "dnf_flag": 0.0,
    "deg_per_10_laps": -1.2910909029128559,
    "laps_completed": 50.0
  },
  "ALO": {
    "mean_lap_delta_to_field": -0.6229999999999999,
    "lap_time_std": 4.919236087122781,
    "positions_gained": -1.0,
    "dnf_flag": 0.0,
    "deg_per_10_laps": -1.362317892608666,
    "laps_completed": 50.0
  },
  "RIC": {
    "mean_lap_delta_to_field": 1.0203750000000011,
    "lap_time_std": 7.464481552256099,
    "positions_gained": -1.0,
    "dnf_flag": 0.0,
    "deg_per_10_laps": -1.9178317504641176,
    "laps_completed": 49.0
  },
  "GAS": {
    "mean_lap_delta_to_field": 18.87700000000001,
    "lap_time_std": 0.0,
    "positions_gained": 0.0,
    "dnf_flag": 1.0,
    "deg_per_10_laps": 0.0,
    "laps_completed": 1.0
  },
  "OCO": {
    "mean_lap_delta_to_field": 1.033500000000002,
    "lap_time_std": 8.887831530658978,
    "positions_gained": 3.0,
    "dnf_flag": 0.0,
    "deg_per_10_laps": -2.427801437404512,
    "laps_completed": 49.0
  },
  "PER": {
    "mean_lap_delta_to_field": -1.313020833333333,
    "lap_time_std": 4.629237048207068,
    "positions_gained": 1.0,
    "dnf_flag": 0.0,
    "deg_per_10_laps": -1.1073297853362731,
    "laps_completed": 50.0
  },
  "LEC": {
    "mean_lap_delta_to_field": -1.0795416666666657,
    "lap_time_std": 4.640541535522322,
    "positions_gained": -1.0,
    "dnf_flag": 0.0,
    "deg_per_10_laps": -1.220707702240079,
    "laps_completed": 50.0
  },
  "NOR": {
    "mean_lap_delta_to_field": -0.32272916666666546,
    "lap_time_std": 5.516678751419672,
    "positions_gained": -2.0,
    "dnf_flag": 0.0,
    "deg_per_10_laps": -1.1139016216583484,
    "laps_completed": 50.0
  },
  "RUS": {
    "mean_lap_delta_to_field": -0.42756249999999935,
    "lap_time_std": 5.228555244311683,
    "positions_gained": 1.0,
    "dnf_flag": 0.0,
    "deg_per_10_laps": -1.4336002259618175,
    "laps_completed": 50.0
  },
  "BOT": {
    "mean_lap_delta_to_field": 1.4116250000000028,
    "lap_time_std": 9.149037622528375,
    "positions_gained": 0.0,
    "dnf_flag": 0.0,
    "deg_per_10_laps": -2.4137605071026265,
    "laps_completed": 49.0
  },
  "ALB": {
    "mean_lap_delta_to_field": 0.7661428571428579,
    "lap_time_std": 8.990484352422637,
    "positions_gained": 1.0,
    "dnf_flag": 0.0,
    "deg_per_10_laps": -2.5025125884016965,
    "laps_completed": 50.0
  },
  "VER": {
    "mean_lap_delta_to_field": -1.5725208333333311,
    "lap_time_std": 4.377928132530187,
    "positions_gained": 0.0,
    "dnf_flag": 0.0,
    "deg_per_10_laps": -0.960156261945819,
    "laps_completed": 50.0
  },
  "PIA": {
    "mean_lap_delta_to_field": -0.7118124999999985,
    "lap_time_std": 4.894306129102706,
    "positions_gained": 1.0,
    "dnf_flag": 0.0,
    "deg_per_10_laps": -1.2905893271264586,
    "laps_completed": 50.0
  },
  "TSU": {
    "mean_lap_delta_to_field": 0.9988750000000017,
    "lap_time_std": 9.186265619687958,
    "positions_gained": -4.0,
    "dnf_flag": 0.0,
    "deg_per_10_laps": -2.312628512687419,
    "laps_completed": 49.0
  },
  "HUL": {
    "mean_lap_delta_to_field": 0.5838750000000014,
    "lap_time_std": 5.927385597934025,
    "positions_gained": 4.0,
    "dnf_flag": 0.0,
    "deg_per_10_laps": -1.6401864609791068,
    "laps_completed": 50.0
  },
  "MAG": {
    "mean_lap_delta_to_field": 0.7118367346938795,
    "lap_time_std": 9.028857163953512,
    "positions_gained": 1.0,
    "dnf_flag": 0.0,
    "deg_per_10_laps": -2.455692927864218,
    "laps_completed": 50.0
  }
}