{
  "OCO": {
    "mean_lap_delta_to_field": 2.337980392156863,
    "lap_time_std": 12.006673010733103,
    "positions_gained": 0.0,
    "dnf_flag": 0.0,
    "deg_per_10_laps": -3.3098575112602706,
    "laps_completed": 52.0
  },
  "HAM": {
    "mean_lap_delta_to_field": 0.20886274509803923,
    "lap_time_std": 8.632383937290104,
    "positions_gained": 0.0,
    "dnf_flag": 0.0,
    "deg_per_10_laps": -2.151630939615011,
    "laps_completed": 53.0
  },
  "ZHO": {
    "mean_lap_delta_to_field": 7.759181818181818,
    "lap_time_std": 29.072169344893787,
    "positions_gained": 2.0,
    "dnf_flag": 1.0,
    "deg_per_10_laps": -43.14578195488723,
    "laps_completed": 12.0
  },
  "ALO": {
    "mean_lap_delta_to_field": -0.07468627450980388,
    "lap_time_std": 7.1308483492224015,
    "positions_gained": 1.0,
    "dnf_flag": 0.0,
    "deg_per_10_laps": -1.7918185637690103,
    "laps_completed": 53.0
  },
  "PIA": {
    "mean_lap_delta_to_field": 0.04694117647058806,
    "lap_time_std": 7.7155252741774225,
    "positions_gained": 0.0,
    "dnf_flag": 0.0,
    "deg_per_10_laps": -1.9165493539597374,
    "laps_completed": 53.0
  },
  "STR": {
    "mean_lap_delta_to_field": 1.8111568627450982,
    "lap_time_std": 13.027289208999006,
    "positions_gained": 5.0,
    "dnf_flag": 0.0,
    "deg_per_10_laps": -3.444157202154918,
    "laps_completed": 52.0
  },
  "PER": {
    "mean_lap_delta_to_field": -0.8102941176470592,
    "lap_time_std": 6.316825026210929,
    "positions_gained": 2.0,
    "dnf_flag": 0.0,
    "deg_per_10_laps": -1.6540770677682846,
    "laps_completed": 53.0
  },
  "LEC": {
    "mean_lap_delta_to_field": -0.17641176470588263,
    "lap_time_std": 8.538609156476172,
    "positions_gained": 6.0,
    "dnf_flag": 0.0,
    "deg_per_10_laps": -2.117819108728132,
    "laps_completed": 53.0
  },
  "NOR": {
    "mean_lap_delta_to_field": -0.4526078431372546,
    "lap_time_std": 6.563064942779195,
    "positions_gained": 0.0,
    "dnf_flag": 0.0,
    "deg_per_10_laps": -1.6982118836248485,
    "laps_completed": 53.0
  },
  "RUS": {
    "mean_lap_delta_to_field": 0.2649019607843127,
    "lap_time_std": 9.473506103349285,
    "positions_gained": 4.0,
    "dnf_flag": 0.0,
    "deg_per_10_laps": -2.2671193987870133,
    "laps_completed": 53.0
  },
  "TSU": {
    "mean_lap_delta_to_field": 1.4559,
    "lap_time_std": 10.529678449748697,
    "positions_gained": 4.0,
    "dnf_flag": 0.0,
    "deg_per_10_laps": -2.6873561261581926,
    "laps_completed": 52.0
  },
  "BOT": {
    "mean_lap_delta_to_field": 1.9609607843137271,
    "lap_time_std": 12.212303033946597,
    "positions_gained": -1.0,
    "dnf_flag": 0.0,
    "deg_per_10_laps": -3.319128782124875,
    "laps_completed": 52.0
  },
  "GAS": {
    "mean_lap_delta_to_field": 2.60850980392157,
    "lap_time_std": 12.207497450369777,
    "positions_gained": 0.0,
    "dnf_flag": 0.0,
    "deg_per_10_laps": -3.361361494303625,
    "laps_completed": 52.0
  },
  "SAI": {
    "mean_lap_delta_to_field": -0.5788627450980394,
    "lap_time_std": 6.918163915431923,
    "positions_gained": 3.0,
    "dnf_flag": 0.0,
    "deg_per_10_laps": -1.784115759866392,
    "laps_completed": 53.0
  },
  "SAR": {
    "mean_lap_delta_to_field": 3.0966666666666676,
    "lap_time_std": 15.340426926032437,
    "positions_gained": 2.0,
    "dnf_flag": 0.0,
    "deg_per_10_laps": -2.9767016338426275,
    "laps_completed": 52.0
  },
  "HUL": {
    "mean_lap_delta_to_field": 1.3986400000000014,
    "lap_time_std": 9.97647301621496,
    "positions_gained": 1.0,
    "dnf_flag": 0.0,
    "deg_per_10_laps": -2.6050482290036188,
    "laps_completed": 52.0
  },
  "VER": {
    "mean_lap_delta_to_field": -1.076490196078431,
    "lap_time_std": 6.262666765436425,
    "positions_gained": 0.0,
    "dnf_flag": 0.0,
    "deg_per_10_laps": -1.5274726201986404,
    "laps_completed": 53.0
  },
  "MAG": {
    "mean_lap_delta_to_field": 2.0010196078431384,
    "lap_time_std": 13.30313133257598,
    "positions_gained": 5.0,
    "dnf_flag": 0.0,
    "deg_per_10_laps": -3.3562407665812977,
    "laps_completed": 52.0
  }
}