{
  "ZHO": {
    "mean_lap_delta_to_field": 0.7458818181818176,
    "lap_time_std": 13.458282815253723,
    "positions_gained": 3.0,
    "dnf_flag": 0.0,
    "deg_per_10_laps": -1.3343367649181814,
    "laps_completed": 56.0
  },
  "STR": {
    "mean_lap_delta_to_field": -1.2972169811320768,
    "lap_time_std": 9.912779542616812,
    "positions_gained": -6.0,
    "dnf_flag": 0.0,
    "deg_per_10_laps": -0.9995718557061389,
    "laps_completed": 56.0
  },
  "SAI": {
    "mean_lap_delta_to_field": 0.0941388888888889,
    "lap_time_std": 12.941533769892214,
    "positions_gained": 4.0,
    "dnf_flag": 0.0,
    "deg_per_10_laps": -1.1809691512802938,
    "laps_completed": 56.0
  },
  "SAR": {
    "mean_lap_delta_to_field": 1.238223214285714,
    "lap_time_std": 13.626483772990905,
    "positions_gained": 3.0,
    "dnf_flag": 0.0,
    "deg_per_10_laps": -1.1312262474367745,
    "laps_completed": 56.0
  },
  "HAM": {
    "mean_lap_delta_to_field": 0.7538660714285711,
    "lap_time_std": 14.623527374143958,
    "positions_gained": 10.0,
    "dnf_flag": 0.0,
    "deg_per_10_laps": -1.3655850991114151,
    "laps_completed": 56.0
  },
  "ALO": {
    "mean_lap_delta_to_field": 0.30793518518518526,
    "lap_time_std": 13.910557047236843,
    "positions_gained": -5.0,
    "dnf_flag": 0.0,
    "deg_per_10_laps": -1.0694028569257528,
    "laps_completed": 56.0
  },
  "RIC": {
    "mean_lap_delta_to_field": 1.2192656249999994,
    "lap_time_std": 15.37758370724695,
    "positions_gained": -3.0,
    "dnf_flag": 1.0,
    "deg_per_10_laps": 10.581467266925277,
    "laps_completed": 33.0
  },
  "GAS": {
    "mean_lap_delta_to_field": 0.9545267857142858,
    "lap_time_std": 14.763990219350518,
    "positions_gained": 1.0,
    "dnf_flag": 0.0,
    "deg_per_10_laps": -1.5338779904306221,
    "laps_completed": 56.0
  },
  "OCO": {
    "mean_lap_delta_to_field": 0.8400446428571432,
    "lap_time_std": 14.748601705017556,
    "positions_gained": 1.0,
    "dnf_flag": 0.0,
    "deg_per_10_laps": -1.2579015721120994,
    "laps_completed": 56.0
  },
  "PER": {
    "mean_lap_delta_to_field": -0.5151603773584905,
    "lap_time_std": 13.285100372543795,
    "positions_gained": 0.0,
    "dnf_flag": 0.0,
    "deg_per_10_laps": -0.9476608960145411,
    "laps_completed": 56.0
  },
  "LEC": {
    "mean_lap_delta_to_field": -0.45940566037735797,
    "lap_time_std": 13.094311127378202,
    "positions_gained": 3.0,
    "dnf_flag": 0.0,
    "deg_per_10_laps": -0.880298919654809,
    "laps_completed": 56.0
  },
  "NOR": {
    "mean_lap_delta_to_field": -0.2757,
    "lap_time_std": 16.012891131856026,
    "positions_gained": 2.0,
    "dnf_flag": 0.0,
    "deg_per_10_laps": -1.0497842844709662,
    "laps_completed": 56.0
  },
  "RUS": {
    "mean_lap_delta_to_field": 0.26766363636363594,
    "lap_time_std": 14.551479797821159,
    "positions_gained": 0.0,
    "dnf_flag": 0.0,
    "deg_per_10_laps": -1.1767157155290289,
    "laps_completed": 56.0
  },
  "BOT": {
    "mean_lap_delta_to_field": 1.152157894736841,
    "lap_time_std": 4.464919486775975,
    "positions_gained": 0.0,
    "dnf_flag": 1.0,
    "deg_per_10_laps": -1.385684210526307,
    "laps_completed": 19.0
  },
  "ALB": {
    "mean_lap_delta_to_field": 0.8881517857142848,
    "lap_time_std": 14.427892117016256,
    "positions_gained": 1.0,
    "dnf_flag": 0.0,
    "deg_per_10_laps": -1.3152761449077142,
    "laps_completed": 56.0
  },
  "VER": {
    "mean_lap_delta_to_field": -1.1792169811320758,
    "lap_time_std": 13.757964804440816,
    "positions_gained": 0.0,
    "dnf_flag": 0.0,
    "deg_per_10_laps": -0.8925568795579825,
    "laps_completed": 56.0
  },
  "PIA": {
    "mean_lap_delta_to_field": 0.601118181818182,
    "lap_time_std": 14.269900595780895,
    "positions_gained": -3.0,
    "dnf_flag": 0.0,
    "deg_per_10_laps": -0.9116165609846933,
    "laps_completed": 56.0
  },
  "TSU": {
    "mean_lap_delta_to_field": 1.2043846153846156,
    "lap_time_std": 14.242073412414895,
    "positions_gained": 2.0,
    "dnf_flag": 1.0,
    "deg_per_10_laps": 11.07170256410257,
    "laps_completed": 26.0
  },
  "HUL": {
    "mean_lap_delta_to_field": 0.5801181818181812,
    "lap_time_std": 13.968600204629222,
    "positions_gained": -2.0,
    "dnf_flag": 0.0,
    "deg_per_10_laps": -1.0894246660925262,
    "laps_completed": 56.0
  },
  "MAG": {
    "mean_lap_delta_to_field": 0.2793909090909102,
    "lap_time_std": 12.253298052207374,
    "positions_gained": 3.0,
    "dnf_flag": 0.0,
    "deg_per_10_laps": -1.2093158314730295,
    "laps_completed": 56.0
  }
}