{
  "ZHO": {
    "mean_lap_delta_to_field": 1.0373769230769245,
    "lap_time_std": 3.793358774847373,
    "positions_gained": 4.0,
    "dnf_flag": 0.0,
    "deg_per_10_laps": -0.668432692307688,
    "laps_completed": 65.0
  },
  "STR": {
    "mean_lap_delta_to_field": 1.1877769230769226,
    "lap_time_std": 3.660895839096156,
    "positions_gained": -1.0,
    "dnf_flag": 0.0,
    "deg_per_10_laps": -0.5570541958041961,
    "laps_completed": 65.0
  },
  "SAI": {
    "mean_lap_delta_to_field": 0.04894696969696915,
    "lap_time_std": 3.4171222394436986,
    "positions_gained": 0.0,
    "dnf_flag": 0.0,
    "deg_per_10_laps": -0.5371934036113142,
    "laps_completed": 66.0
  },
  "SAR": {
    "mean_lap_delta_to_field": 2.1337890625,
    "lap_time_std": 3.5522431424391505,
    "positions_gained": -2.0,
    "dnf_flag": 1.0,
    "deg_per_10_laps": -0.4270226648351667,
    "laps_completed": 64.0
  },
  "HAM": {
    "mean_lap_delta_to_field": -0.151628787878788,
    "lap_time_std": 3.2955980126989646,
    "positions_gained": 1.0,
    "dnf_flag": 0.0,
    "deg_per_10_laps": -0.5402373447448081,
    "laps_completed": 66.0
  },
  "ALO": {
    "mean_lap_delta_to_field": 0.9453923076923086,
    "lap_time_std": 3.4831062639767194,
    "positions_gained": 0.0,
    "dnf_flag": 0.0,
    "deg_per_10_laps": -0.6477906468531505,
    "laps_completed": 65.0
  },
  "RIC": {
    "mean_lap_delta_to_field": 1.476976923076925,
    "lap_time_std": 3.7659229256865485,
    "positions_gained": 4.0,
    "dnf_flag": 0.0,
    "deg_per_10_laps": -0.5775812937062988,
    "laps_completed": 65.0
  },
  "GAS": {
    "mean_lap_delta_to_field": 0.5185984848484856,
    "lap_time_std": 3.6928112870636656,
    "positions_gained": -2.0,
    "dnf_flag": 0.0,
    "deg_per_10_laps": -0.5241882893226173,
    "laps_completed": 66.0
  },
  "OCO": {
    "mean_lap_delta_to_field": 0.6680530303030309,
    "lap_time_std": 3.369275461806167,
    "positions_gained": -1.0,
    "dnf_flag": 0.0,
    "deg_per_10_laps": -0.5912827471036496,
    "laps_completed": 66.0
  },
  "PER": {
    "mean_lap_delta_to_field": 0.48070454545454633,
    "lap_time_std": 4.041748968311101,
    "positions_gained": 3.0,
    "dnf_flag": 0.0,
    "deg_per_10_laps": -0.6758532512263868,
    "laps_completed": 66.0
  },
  "LEC": {
    "mean_lap_delta_to_field": -0.07709848484848371,
    "lap_time_std": 3.4561058975131496,
    "positions_gained": 0.0,
    "dnf_flag": 0.0,
    "deg_per_10_laps": -0.5218348815363687,
    "laps_completed": 66.0
  },
  "NOR": {
    "mean_lap_delta_to_field": -0.3875530303030308,
    "lap_time_std": 3.4099962135204462,
    "positions_gained": 1.0,
    "dnf_flag": 0.0,
    "deg_per_10_laps": -0.5599590856904277,
    "laps_completed": 66.0
  },
  "RUS": {
    "mean_lap_delta_to_field": -0.08299242424242412,
    "lap_time_std": 3.651906859088714,
    "positions_gained": -3.0,
    "dnf_flag": 0.0,
    "deg_per_10_laps": -0.5310153428660886,
    "laps_completed": 66.0
  },
  "BOT": {
    "mean_lap_delta_to_field": 1.6194846153846159,
    "lap_time_std": 3.4370734291271026,
    "positions_gained": -2.0,
    "dnf_flag": 0.0,
    "deg_per_10_laps": -0.4700236013986012,
    "laps_completed": 65.0
  },
  "ALB": {
    "mean_lap_delta_to_field": 1.6938846153846157,
    "lap_time_std": 3.7388169838147363,
    "positions_gained": 2.0,
    "dnf_flag": 0.0,
    "deg_per_10_laps": -0.5008055069930125,
    "laps_completed": 65.0
  },
  "VER": {
    "mean_lap_delta_to_field": -0.4211742424242418,
    "lap_time_std": 3.330882023265572,
    "positions_gained": 1.0,
    "dnf_flag": 0.0,
    "deg_per_10_laps": -0.5124473437010731,
    "laps_completed": 66.0
  },
  "PIA": {
    "mean_lap_delta_to_field": 0.09034090909091004,
    "lap_time_std": 3.627383704301002,
    "positions_gained": 1.0,
    "dnf_flag": 0.0,
    "deg_per_10_laps": -0.6551347458511579,
    "laps_completed": 66.0
  },
  "TSU": {
    "mean_lap_delta_to_field": 1.7824230769230762,
    "lap_time_std": 4.310488479145511,
    "positions_gained": -4.0,
    "dnf_flag": 0.0,
    "deg_per_10_laps": -0.6411236888111916,
    "laps_completed": 65.0
  },
  "HUL": {
    "mean_lap_delta_to_field": 0.7032954545454535,
    "lap_time_std": 3.6803226609331556,
    "positions_gained": -1.0,
    "dnf_flag": 0.0,
    "deg_per_10_laps": -0.6656516021292135,
    "laps_completed": 66.0
  },
  "MAG": {
    "mean_lap_delta_to_field": 1.642176923076924,
    "lap_time_std": 4.235102405162304,
    "positions_gained": -1.0,
    "dnf_flag": 0.0,
    "deg_per_10_laps": -0.5504567307692319,
    "laps_completed": 65.0
  }
}