{
  "OCO": {
    "mean_lap_delta_to_field": 0.915635714285715,
    "lap_time_std": 13.6401482815644,
    "positions_gained": 7.0,
    "dnf_flag": 0.0,
    "deg_per_10_laps": -3.407272679555597,
    "laps_completed": 70.0
  },
  "HAM": {
    "mean_lap_delta_to_field": -0.16815492957746409,
    "lap_time_std": 13.235201432914378,
    "positions_gained": 3.0,
    "dnf_flag": 0.0,
    "deg_per_10_laps": -3.347072434607659,
    "laps_completed": 71.0
  },
  "ZHO": {
    "mean_lap_delta_to_field": 1.2307642857142853,
    "lap_time_std": 13.377254118028198,
    "positions_gained": 3.0,
    "dnf_flag": 0.0,
    "deg_per_10_laps": -3.2898315108039453,
    "laps_completed": 70.0
  },
  "ALO": {
    "mean_lap_delta_to_field": 0.7927666666666653,
    "lap_time_std": 23.102707359796177,
    "positions_gained": -3.0,
    "dnf_flag": 1.0,
    "deg_per_10_laps": -43.37100000000004,
    "laps_completed": 15.0
  },
  "PIA": {
    "mean_lap_delta_to_field": 0.1156197183098604,
    "lap_time_std": 13.65824797876714,
    "positions_gained": 11.0,
    "dnf_flag": 0.0,
    "deg_per_10_laps": -3.5252511737089294,
    "laps_completed": 71.0
  },
  "STR": {
    "mean_lap_delta_to_field": 0.7071928571428576,
    "lap_time_std": 13.177901291418786,
    "positions_gained": 2.0,
    "dnf_flag": 0.0,
    "deg_per_10_laps": -3.4327243460764523,
    "laps_completed": 70.0
  },
  "COL": {
    "mean_lap_delta_to_field": 0.7418357142857143,
    "lap_time_std": 13.329488410587691,
    "positions_gained": 4.0,
    "dnf_flag": 0.0,
    "deg_per_10_laps": -3.327911293850054,
    "laps_completed": 70.0
  },
  "PER": {
    "mean_lap_delta_to_field": 1.3959357142857147,
    "lap_time_std": 13.511984284369012,
    "positions_gained": -2.0,
    "dnf_flag": 0.0,
    "deg_per_10_laps": -3.132109526725574,
    "laps_completed": 70.0
  },
  "LEC": {
    "mean_lap_delta_to_field": -0.31453521126760675,
    "lap_time_std": 13.4144592183031,
    "positions_gained": 3.0,
    "dnf_flag": 0.0,
    "deg_per_10_laps": -3.001628772635821,
    "laps_completed": 71.0
  },
  "NOR": {
    "mean_lap_delta_to_field": -0.7325915492957742,
    "lap_time_std": 13.350856429668987,
    "positions_gained": 3.0,
    "dnf_flag": 0.0,
    "deg_per_10_laps": -3.403832662642528,
    "laps_completed": 71.0
  },
  "RUS": {
    "mean_lap_delta_to_field": -0.11525352112675966,
    "lap_time_std": 13.217590405789231,
    "positions_gained": 3.0,
    "dnf_flag": 0.0,
    "deg_per_10_laps": -3.2530181086519185,
    "laps_completed": 71.0
  },
  "BOT": {
    "mean_lap_delta_to_field": 0.9522642857142856,
    "lap_time_std": 13.367191964149322,
    "positions_gained": 3.0,
    "dnf_flag": 0.0,
    "deg_per_10_laps": -3.2892714548158515,
    "laps_completed": 70.0
  },
  "LAW": {
    "mean_lap_delta_to_field": 1.2699642857142859,
    "lap_time_std": 13.409921973609771,
    "positions_gained": -4.0,
    "dnf_flag": 0.0,
    "deg_per_10_laps": -2.8785541072522047,
    "laps_completed": 70.0
  },
  "GAS": {
    "mean_lap_delta_to_field": 0.61455,
    "lap_time_std": 13.109406768032287,
    "positions_gained": 1.0,
    "dnf_flag": 0.0,
    "deg_per_10_laps": -3.3202244772985665,
    "laps_completed": 70.0
  },
  "SAI": {
    "mean_lap_delta_to_field": -0.7988591549295769,
    "lap_time_std": 13.327951897568628,
    "positions_gained": 3.0,
    "dnf_flag": 0.0,
    "deg_per_10_laps": -3.2436562709590944,
    "laps_completed": 71.0
  },
  "HUL": {
    "mean_lap_delta_to_field": 0.387878571428572,
    "lap_time_std": 13.148745033126533,
    "positions_gained": 1.0,
    "dnf_flag": 0.0,
    "deg_per_10_laps": -3.338152742542207,
    "laps_completed": 70.0
  },
  "VER": {
    "mean_lap_delta_to_field": 0.039985915492957325,
    "lap_time_std": 13.769793089657954,
    "positions_gained": -3.0,
    "dnf_flag": 0.0,
    "deg_per_10_laps": -3.271579812206575,
    "laps_completed": 71.0
  },
  "MAG": {
    "mean_lap_delta_to_field": 0.09750704225352115,
    "lap_time_std": 13.177740814152862,
    "positions_gained": 2.0,
    "dnf_flag": 0.0,
    "deg_per_10_laps": -3.364158283031528,
    "laps_completed": 71.0
  }
}