{
  "ZHO": {
    "mean_lap_delta_to_field": 1.5198768115942036,
    "lap_time_std": 3.5292426212950954,
    "positions_gained": 0.0,
    "dnf_flag": 0.0,
    "deg_per_10_laps": -0.48979795396419845,
    "laps_completed": 69.0
  },
  "STR": {
    "mean_lap_delta_to_field": 0.511464285714286,
    "lap_time_std": 3.5317097310259786,
    "positions_gained": -2.0,
    "dnf_flag": 0.0,
    "deg_per_10_laps": -0.5725513078470826,
    "laps_completed": 70.0
  },
  "SAI": {
    "mean_lap_delta_to_field": -0.27286428571428484,
    "lap_time_std": 3.3089985216925015,
    "positions_gained": 1.0,
    "dnf_flag": 0.0,
    "deg_per_10_laps": -0.46308564430058047,
    "laps_completed": 70.0
  },
  "SAR": {
    "mean_lap_delta_to_field": 1.3603550724637685,
    "lap_time_std": 3.91980584497738,
    "positions_gained": 1.0,
    "dnf_flag": 0.0,
    "deg_per_10_laps": -0.43791962002192397,
    "laps_completed": 69.0
  },
  "HAM": {
    "mean_lap_delta_to_field": -0.3899071428571424,
    "lap_time_std": 3.1102155593913237,
    "positions_gained": 1.0,
    "dnf_flag": 0.0,
    "deg_per_10_laps": -0.40973265681042487,
    "laps_completed": 70.0
  },
  "ALO": {
    "mean_lap_delta_to_field": 0.5755214285714282,
    "lap_time_std": 3.2021862843677544,
    "positions_gained": -5.0,
    "dnf_flag": 0.0,
    "deg_per_10_laps": -0.5524116875163975,
    "laps_completed": 70.0
  },
  "RIC": {
    "mean_lap_delta_to_field": 0.8579347826086962,
    "lap_time_std": 3.250541658449603,
    "positions_gained": -1.0,
    "dnf_flag": 0.0,
    "deg_per_10_laps": -0.5121541834125034,
    "laps_completed": 69.0
  },
  "GAS": {
    "mean_lap_delta_to_field": 1.0925909090909103,
    "lap_time_std": 3.6504261939843796,
    "positions_gained": 5.0,
    "dnf_flag": 1.0,
    "deg_per_10_laps": -0.3049331550802082,
    "laps_completed": 33.0
  },
  "OCO": {
    "mean_lap_delta_to_field": 1.4811956521739131,
    "lap_time_std": 3.885641189445015,
    "positions_gained": -3.0,
    "dnf_flag": 0.0,
    "deg_per_10_laps": -0.33393058092802175,
    "laps_completed": 69.0
  },
  "PER": {
    "mean_lap_delta_to_field": -0.03402142857142759,
    "lap_time_std": 3.667621185065723,
    "positions_gained": 10.0,
    "dnf_flag": 0.0,
    "deg_per_10_laps": -0.7089026331904441,
    "laps_completed": 70.0
  },
  "LEC": {
    "mean_lap_delta_to_field": -0.3212499999999983,
    "lap_time_std": 3.2487226253848434,
    "positions_gained": 1.0,
    "dnf_flag": 0.0,
    "deg_per_10_laps": -0.399546321406702,
    "laps_completed": 70.0
  },
  "NOR": {
    "mean_lap_delta_to_field": -0.5718928571428569,
    "lap_time_std": 3.1206958486385896,
    "positions_gained": 1.0,
    "dnf_flag": 0.0,
    "deg_per_10_laps": -0.34358708774385355,
    "laps_completed": 70.0
  },
  "RUS": {
    "mean_lap_delta_to_field": 0.002778571428572109,
    "lap_time_std": 3.392164281644471,
    "positions_gained": 8.0,
    "dnf_flag": 0.0,
    "deg_per_10_laps": -0.6513437144606686,
    "laps_completed": 70.0
  },
  "BOT": {
    "mean_lap_delta_to_field": 1.25626811594203,
    "lap_time_std": 3.353631541253864,
    "positions_gained": -3.0,
    "dnf_flag": 0.0,
    "deg_per_10_laps": -0.3414373401534604,
    "laps_completed": 69.0
  },
  "ALB": {
    "mean_lap_delta_to_field": 1.1310507246376824,
    "lap_time_std": 3.3245087790393373,
    "positions_gained": -5.0,
    "dnf_flag": 0.0,
    "deg_per_10_laps": -0.4272988673730417,
    "laps_completed": 69.0
  },
  "VER": {
    "mean_lap_delta_to_field": -0.29749285714285695,
    "lap_time_std": 3.1285966081027263,
    "positions_gained": -3.0,
    "dnf_flag": 0.0,
    "deg_per_10_laps": -0.2809364010147748,
    "laps_completed": 70.0
  },
  "PIA": {
    "mean_lap_delta_to_field": -0.6024785714285709,
    "lap_time_std": 3.2790359067954453,
    "positions_gained": 0.0,
    "dnf_flag": 0.0,
    "deg_per_10_laps": -0.33509631703263076,
    "laps_completed": 70.0
  },
  "TSU": {
    "mean_lap_delta_to_field": 0.5012214285714292,
    "lap_time_std": 2.528550667774546,
    "positions_gained": 3.0,
    "dnf_flag": 0.0,
    "deg_per_10_laps": -0.4471965707287215,
    "laps_completed": 70.0
  },
  "HUL": {
    "mean_lap_delta_to_field": 1.0790942028985513,
    "lap_time_std": 3.365499841712891,
    "positions_gained": 1.0,
    "dnf_flag": 0.0,
    "deg_per_10_laps": -0.40766496163683247,
    "laps_completed": 69.0
  },
  "MAG": {
    "mean_lap_delta_to_field": 1.2547173913043492,
    "lap_time_std": 3.353462815837347,
    "positions_gained": -5.0,
    "dnf_flag": 0.0,
    "deg_per_10_laps": -0.3722480818414373,
    "laps_completed": 69.0
  }
}