{
  "ZHO": {
    "mean_lap_delta_to_field": 1.2543660714285703,
    "lap_time_std": 4.119504547777057,
    "positions_gained": 2.0,
    "dnf_flag": 0.0,
    "deg_per_10_laps": -0.7496674641148338,
    "laps_completed": 56.0
  },
  "STR": {
    "mean_lap_delta_to_field": 1.064429824561401,
    "lap_time_std": 4.214312754246116,
    "positions_gained": 9.0,
    "dnf_flag": 0.0,
    "deg_per_10_laps": -0.9149436090225587,
    "laps_completed": 57.0
  },
  "SAI": {
    "mean_lap_delta_to_field": -0.13041228070175528,
    "lap_time_std": 3.966655092414824,
    "positions_gained": 2.0,
    "dnf_flag": 0.0,
    "deg_per_10_laps": -0.7070702618615531,
    "laps_completed": 57.0
  },
  "SAR": {
    "mean_lap_delta_to_field": 2.1716203703703667,
    "lap_time_std": 6.670282354232481,
    "positions_gained": -5.0,
    "dnf_flag": 1.0,
    "deg_per_10_laps": -1.0540741561961016,
    "laps_completed": 55.0
  },
  "HAM": {
    "mean_lap_delta_to_field": 0.31193859649122513,
    "lap_time_std": 4.049597448975252,
    "positions_gained": 2.0,
    "dnf_flag": 0.0,
    "deg_per_10_laps": -0.8613890329271472,
    "laps_completed": 57.0
  },
  "ALO": {
    "mean_lap_delta_to_field": 0.7428684210526294,
    "lap_time_std": 4.177231187459435,
    "positions_gained": -3.0,
    "dnf_flag": 0.0,
    "deg_per_10_laps": -0.7708082706766923,
    "laps_completed": 57.0
  },
  "RIC": {
    "mean_lap_delta_to_field": 1.293633928571426,
    "lap_time_std": 4.234646568303141,
    "positions_gained": 1.0,
    "dnf_flag": 0.0,
    "deg_per_10_laps": -0.8236725905673279,
    "laps_completed": 56.0
  },
  "GAS": {
    "mean_lap_delta_to_field": 1.7125446428571407,
    "lap_time_std": 5.551159986154524,
    "positions_gained": -1.0,
    "dnf_flag": 0.0,
    "deg_per_10_laps": -0.8918021189337006,
    "laps_completed": 56.0
  },
  "OCO": {
    "mean_lap_delta_to_field": 1.6952767857142839,
    "lap_time_std": 4.261362850105554,
    "positions_gained": -1.0,
    "dnf_flag": 0.0,
    "deg_per_10_laps": -0.7402132604237815,
    "laps_completed": 56.0
  },
  "PER": {
    "mean_lap_delta_to_field": -0.1769561403508797,
    "lap_time_std": 4.026239741902263,
    "positions_gained": 2.0,
    "dnf_flag": 0.0,
    "deg_per_10_laps": -0.6796661913404187,
    "laps_completed": 57.0
  },
  "LEC": {
    "mean_lap_delta_to_field": 0.1250087719298236,
    "lap_time_std": 4.0047765259195645,
    "positions_gained": -2.0,
    "dnf_flag": 0.0,
    "deg_per_10_laps": -0.7410636505055747,
    "laps_completed": 57.0
  },
  "NOR": {
    "mean_lap_delta_to_field": 0.279201754385963,
    "lap_time_std": 4.07619405826398,
    "positions_gained": 1.0,
    "dnf_flag": 0.0,
    "deg_per_10_laps": -0.7141191340419941,
    "laps_completed": 57.0
  },
  "RUS": {
    "mean_lap_delta_to_field": 0.24990350877192788,
    "lap_time_std": 4.096813376299382,
    "positions_gained": -2.0,
    "dnf_flag": 0.0,
    "deg_per_10_laps": -0.6424358309566959,
    "laps_completed": 57.0
  },
  "BOT": {
    "mean_lap_delta_to_field": 1.3360090909090891,
    "lap_time_std": 3.6470312087656254,
    "positions_gained": -1.0,
    "dnf_flag": 0.0,
    "deg_per_10_laps": -0.8629561109038937,
    "laps_completed": 56.0
  },
  "ALB": {
    "mean_lap_delta_to_field": 1.3459196428571418,
    "lap_time_std": 4.150027617495339,
    "positions_gained": -4.0,
    "dnf_flag": 0.0,
    "deg_per_10_laps": -0.7036623376623454,
    "laps_completed": 56.0
  },
  "VER": {
    "mean_lap_delta_to_field": -0.5709385964912295,
    "lap_time_std": 4.158272348787623,
    "positions_gained": 0.0,
    "dnf_flag": 0.0,
    "deg_per_10_laps": -0.5255386310604105,
    "laps_completed": 57.0
  },
  "PIA": {
    "mean_lap_delta_to_field": 0.4129561403508757,
    "lap_time_std": 4.3990280832324355,
    "positions_gained": 0.0,
    "dnf_flag": 0.0,
    "deg_per_10_laps": -0.7485759657765068,
    "laps_completed": 57.0
  },
  "TSU": {
    "mean_lap_delta_to_field": 1.3029910714285704,
    "lap_time_std": 4.121196731375645,
    "positions_gained": -4.0,
    "dnf_flag": 0.0,
    "deg_per_10_laps": -0.6167751196172335,
    "laps_completed": 56.0
  },
  "HUL": {
    "mean_lap_delta_to_field": 1.4485267857142852,
    "lap_time_std": 6.313063734272527,
    "positions_gained": 4.0,
    "dnf_flag": 0.0,
    "deg_per_10_laps": -1.291796308954212,
    "laps_completed": 56.0
  },
  "MAG": {
    "mean_lap_delta_to_field": 1.2821696428571414,
    "lap_time_std": 4.122179114648802,
    "positions_gained": 0.0,
    "dnf_flag": 0.0,
    "deg_per_10_laps": -0.7693157894736907,
    "laps_completed": 56.0
  }
}