{
  "ZHO": {
    "mean_lap_delta_to_field": 1.9188818181818195,
    "lap_time_std": 11.041477299294776,
    "positions_gained": -4.0,
    "dnf_flag": 0.0,
    "deg_per_10_laps": -3.114716450216446,
    "laps_completed": 55.0
  },
  "STR": {
    "mean_lap_delta_to_field": 1.2394056603773589,
    "lap_time_std": 5.617194499674173,
    "positions_gained": -2.0,
    "dnf_flag": 0.0,
    "deg_per_10_laps": -1.4494641484344335,
    "laps_completed": 55.0
  },
  "SAI": {
    "mean_lap_delta_to_field": -1.0656574074074068,
    "lap_time_std": 4.253145918376762,
    "positions_gained": 1.0,
    "dnf_flag": 0.0,
    "deg_per_10_laps": -1.006077030273722,
    "laps_completed": 56.0
  },
  "HAM": {
    "mean_lap_delta_to_field": 1.3114999999999952,
    "lap_time_std": 0.0,
    "positions_gained": 0.0,
    "dnf_flag": 1.0,
    "deg_per_10_laps": 0.0,
    "laps_completed": 1.0
  },
  "ALO": {
    "mean_lap_delta_to_field": 0.9038981481481485,
    "lap_time_std": 8.373152361396267,
    "positions_gained": -3.0,
    "dnf_flag": 0.0,
    "deg_per_10_laps": -2.168018558549795,
    "laps_completed": 55.0
  },
  "GAS": {
    "mean_lap_delta_to_field": 0.5084454545454561,
    "lap_time_std": 8.317702962298164,
    "positions_gained": -6.0,
    "dnf_flag": 0.0,
    "deg_per_10_laps": -2.103320111564335,
    "laps_completed": 56.0
  },
  "LAW": {
    "mean_lap_delta_to_field": 0.39962037037037057,
    "lap_time_std": 5.636991599807147,
    "positions_gained": 5.0,
    "dnf_flag": 0.0,
    "deg_per_10_laps": -1.5025966496710503,
    "laps_completed": 56.0
  },
  "OCO": {
    "mean_lap_delta_to_field": 1.8026018518518527,
    "lap_time_std": 8.977518271152386,
    "positions_gained": 2.0,
    "dnf_flag": 0.0,
    "deg_per_10_laps": -1.6946796417210854,
    "laps_completed": 55.0
  },
  "COL": {
    "mean_lap_delta_to_field": 0.5097909090909096,
    "lap_time_std": 8.572212406181983,
    "positions_gained": 6.0,
    "dnf_flag": 0.0,
    "deg_per_10_laps": -2.3495709409158647,
    "laps_completed": 56.0
  },
  "PER": {
    "mean_lap_delta_to_field": 0.09462037037037058,
    "lap_time_std": 5.22296245313542,
    "positions_gained": 2.0,
    "dnf_flag": 0.0,
    "deg_per_10_laps": -1.3533026502417025,
    "laps_completed": 56.0
  },
  "LEC": {
    "mean_lap_delta_to_field": -1.2551203703703695,
    "lap_time_std": 4.295551832671771,
    "positions_gained": 0.0,
    "dnf_flag": 0.0,
    "deg_per_10_laps": -0.8148482179409356,
    "laps_completed": 56.0
  },
  "NOR": {
    "mean_lap_delta_to_field": -0.9050462962962945,
    "lap_time_std": 4.489574054337234,
    "positions_gained": 1.0,
    "dnf_flag": 0.0,
    "deg_per_10_laps": -1.0089038858357502,
    "laps_completed": 56.0
  },
  "RUS": {
    "mean_lap_delta_to_field": 0.2375000000000013,
    "lap_time_std": 8.78684963953969,
    "positions_gained": 13.0,
    "dnf_flag": 0.0,
    "deg_per_10_laps": -2.2878660140382663,
    "laps_completed": 56.0
  },
  "BOT": {
    "mean_lap_delta_to_field": 1.6646018518518528,
    "lap_time_std": 8.372695745381167,
    "positions_gained": 0.0,
    "dnf_flag": 0.0,
    "deg_per_10_laps": -1.987072660304716,
    "laps_completed": 55.0
  },
  "ALB": {
    "mean_lap_delta_to_field": 1.2564907407407426,
    "lap_time_std": 7.921077140628335,
    "positions_gained": 2.0,
    "dnf_flag": 0.0,
    "deg_per_10_laps": -2.1822597522183163,
    "laps_completed": 55.0
  },
  "VER": {
    "mean_lap_delta_to_field": -0.8795277777777768,
    "lap_time_std": 4.252703898373321,
    "positions_gained": -2.0,
    "dnf_flag": 0.0,
    "deg_per_10_laps": -0.8555375537057688,
    "laps_completed": 56.0
  },
  "PIA": {
    "mean_lap_delta_to_field": -0.7221727272727264,
    "lap_time_std": 8.028739265492817,
    "positions_gained": 0.0,
    "dnf_flag": 0.0,
    "deg_per_10_laps": -1.9383198789232259,
    "laps_completed": 56.0
  },
  "TSU": {
    "mean_lap_delta_to_field": 0.8991226415094352,
    "lap_time_std": 5.494981209960864,
    "positions_gained": -6.0,
    "dnf_flag": 0.0,
    "deg_per_10_laps": -1.262224868879183,
    "laps_completed": 55.0
  },
  "HUL": {
    "mean_lap_delta_to_field": 0.21733636363636424,
    "lap_time_std": 8.597340321324575,
    "positions_gained": 3.0,
    "dnf_flag": 0.0,
    "deg_per_10_laps": -2.286162559258845,
    "laps_completed": 56.0
  },
  "MAG": {
    "mean_lap_delta_to_field": 0.40547222222222296,
    "lap_time_std": 5.376607111566309,
    "positions_gained": -4.0,
    "dnf_flag": 0.0,
    "deg_per_10_laps": -1.3157844244025718,
    "laps_completed": 56.0
  }
}