{
  "HAM": {
    "mean_lap_delta_to_field": -0.9827792207792145,
    "lap_time_std": 274.11602336573884,
    "positions_gained": 4.0,
    "dnf_flag": 0.0,
    "deg_per_10_laps": -25.53629425518273,
    "laps_completed": 78.0
  },
  "ZHO": {
    "mean_lap_delta_to_field": 1.8494539473684275,
    "lap_time_std": 280.45291934148236,
    "positions_gained": 4.0,
    "dnf_flag": 1.0,
    "deg_per_10_laps": -25.62353766233776,
    "laps_completed": 76.0
  },
  "ALO": {
    "mean_lap_delta_to_field": 1.1730592105263227,
    "lap_time_std": 279.02455219073846,
    "positions_gained": 6.0,
    "dnf_flag": 1.0,
    "deg_per_10_laps": -25.93651155160638,
    "laps_completed": 76.0
  },
  "PIA": {
    "mean_lap_delta_to_field": -1.3862987012986954,
    "lap_time_std": 271.2558210341292,
    "positions_gained": 4.0,
    "dnf_flag": 0.0,
    "deg_per_10_laps": -24.960150419748324,
    "laps_completed": 78.0
  },
  "RIC": {
    "mean_lap_delta_to_field": 1.1784539473684263,
    "lap_time_std": 278.38873481295906,
    "positions_gained": 4.0,
    "dnf_flag": 1.0,
    "deg_per_10_laps": -25.94414709501033,
    "laps_completed": 76.0
  },
  "STR": {
    "mean_lap_delta_to_field": 1.200861842105269,
    "lap_time_std": 277.8484954035287,
    "positions_gained": 1.0,
    "dnf_flag": 1.0,
    "deg_per_10_laps": -25.902848530417053,
    "laps_completed": 76.0
  },
  "LEC": {
    "mean_lap_delta_to_field": -1.501649350649347,
    "lap_time_std": 270.99107765179093,
    "positions_gained": 0.0,
    "dnf_flag": 0.0,
    "deg_per_10_laps": -24.97145787490622,
    "laps_completed": 78.0
  },
  "NOR": {
    "mean_lap_delta_to_field": -1.256961038961035,
    "lap_time_std": 272.3150260006264,
    "positions_gained": 4.0,
    "dnf_flag": 0.0,
    "deg_per_10_laps": -25.089439631409274,
    "laps_completed": 78.0
  },
  "RUS": {
    "mean_lap_delta_to_field": -1.1250259740259692,
    "lap_time_std": 272.97715642762745,
    "positions_gained": 4.0,
    "dnf_flag": 0.0,
    "deg_per_10_laps": -25.344299239417015,
    "laps_completed": 78.0
  },
  "TSU": {
    "mean_lap_delta_to_field": 0.6322207792207819,
    "lap_time_std": 274.50495134333016,
    "positions_gained": 4.0,
    "dnf_flag": 0.0,
    "deg_per_10_laps": -25.343683947631344,
    "laps_completed": 77.0
  },
  "BOT": {
    "mean_lap_delta_to_field": 1.1814013157894785,
    "lap_time_std": 280.0122485185434,
    "positions_gained": 6.0,
    "dnf_flag": 1.0,
    "deg_per_10_laps": -25.99661845522909,
    "laps_completed": 76.0
  },
  "GAS": {
    "mean_lap_delta_to_field": 0.9017532467532529,
    "lap_time_std": 275.49342168212564,
    "positions_gained": 4.0,
    "dnf_flag": 0.0,
    "deg_per_10_laps": -25.28042194647462,
    "laps_completed": 77.0
  },
  "SAI": {
    "mean_lap_delta_to_field": -1.3357012987012935,
    "lap_time_std": 271.71019107983125,
    "positions_gained": 4.0,
    "dnf_flag": 0.0,
    "deg_per_10_laps": -25.02743508194957,
    "laps_completed": 78.0
  },
  "ALB": {
    "mean_lap_delta_to_field": 0.8213766233766274,
    "lap_time_std": 275.17809422380617,
    "positions_gained": 4.0,
    "dnf_flag": 0.0,
    "deg_per_10_laps": -25.231337083968697,
    "laps_completed": 77.0
  },
  "SAR": {
    "mean_lap_delta_to_field": 1.2411118421052705,
    "lap_time_std": 279.44898760735333,
    "positions_gained": 3.0,
    "dnf_flag": 1.0,
    "deg_per_10_laps": -26.035448530417064,
    "laps_completed": 76.0
  },
  "VER": {
    "mean_lap_delta_to_field": -1.0566233766233726,
    "lap_time_std": 273.5611190721322,
    "positions_gained": 4.0,
    "dnf_flag": 0.0,
    "deg_per_10_laps": -25.437788867861933,
    "laps_completed": 78.0
  }
}