{
  "ZHO": {
    "mean_lap_delta_to_field": 1.7960434782608692,
    "lap_time_std": 12.819496250657853,
    "positions_gained": 5.0,
    "dnf_flag": 0.0,
    "deg_per_10_laps": -2.0723145780051184,
    "laps_completed": 69.0
  },
  "STR": {
    "mean_lap_delta_to_field": 0.2448142857142847,
    "lap_time_std": 12.368637214741824,
    "positions_gained": 2.0,
    "dnf_flag": 0.0,
    "deg_per_10_laps": -2.0848702650686746,
    "laps_completed": 70.0
  },
  "SAI": {
    "mean_lap_delta_to_field": 0.3796730769230757,
    "lap_time_std": 10.146269127895545,
    "positions_gained": 4.0,
    "dnf_flag": 1.0,
    "deg_per_10_laps": -2.907902330743615,
    "laps_completed": 52.0
  },
  "SAR": {
    "mean_lap_delta_to_field": 1.6171086956521734,
    "lap_time_std": 8.733487629232707,
    "positions_gained": -5.0,
    "dnf_flag": 1.0,
    "deg_per_10_laps": -9.643547430830031,
    "laps_completed": 23.0
  },
  "HAM": {
    "mean_lap_delta_to_field": -0.022471428571429086,
    "lap_time_std": 14.160964158551943,
    "positions_gained": 2.0,
    "dnf_flag": 0.0,
    "deg_per_10_laps": -1.9729234537660716,
    "laps_completed": 70.0
  },
  "ALO": {
    "mean_lap_delta_to_field": 0.15745714285714194,
    "lap_time_std": 12.980703017174491,
    "positions_gained": -1.0,
    "dnf_flag": 0.0,
    "deg_per_10_laps": -1.9407997550520504,
    "laps_completed": 70.0
  },
  "RIC": {
    "mean_lap_delta_to_field": 0.31691428571428526,
    "lap_time_std": 12.266480962978504,
    "positions_gained": -1.0,
    "dnf_flag": 0.0,
    "deg_per_10_laps": -2.079778322106548,
    "laps_completed": 70.0
  },
  "GAS": {
    "mean_lap_delta_to_field": 0.3361857142857141,
    "lap_time_std": 12.080725756447102,
    "positions_gained": 9.0,
    "dnf_flag": 0.0,
    "deg_per_10_laps": -2.2734910331554548,
    "laps_completed": 70.0
  },
  "OCO": {
    "mean_lap_delta_to_field": 0.3403571428571427,
    "lap_time_std": 11.889920668843303,
    "positions_gained": 6.0,
    "dnf_flag": 0.0,
    "deg_per_10_laps": -2.131938763012859,
    "laps_completed": 70.0
  },
  "PER": {
    "mean_lap_delta_to_field": 0.4444901960784316,
    "lap_time_std": 10.434800651665565,
    "positions_gained": 4.0,
    "dnf_flag": 1.0,
    "deg_per_10_laps": -2.9467927601810127,
    "laps_completed": 51.0
  },
  "LEC": {
    "mean_lap_delta_to_field": 2.1517624999999994,
    "lap_time_std": 12.618823942926063,
    "positions_gained": -9.0,
    "dnf_flag": 1.0,
    "deg_per_10_laps": -0.33684990619137556,
    "laps_completed": 40.0
  },
  "NOR": {
    "mean_lap_delta_to_field": -0.03727142857142809,
    "lap_time_std": 15.616259746056825,
    "positions_gained": 1.0,
    "dnf_flag": 0.0,
    "deg_per_10_laps": -1.7224795730907159,
    "laps_completed": 70.0
  },
  "RUS": {
    "mean_lap_delta_to_field": -0.03101428571428743,
    "lap_time_std": 14.484627393251264,
    "positions_gained": -2.0,
    "dnf_flag": 0.0,
    "deg_per_10_laps": -1.72803289301023,
    "laps_completed": 70.0
  },
  "BOT": {
    "mean_lap_delta_to_field": 0.4856999999999995,
    "lap_time_std": 11.098510731645733,
    "positions_gained": 6.0,
    "dnf_flag": 0.0,
    "deg_per_10_laps": -2.1758397340565145,
    "laps_completed": 70.0
  },
  "ALB": {
    "mean_lap_delta_to_field": 0.39059615384615287,
    "lap_time_std": 10.072742656368126,
    "positions_gained": 1.0,
    "dnf_flag": 1.0,
    "deg_per_10_laps": -2.7555767096388717,
    "laps_completed": 52.0
  },
  "VER": {
    "mean_lap_delta_to_field": -0.09268571428571448,
    "lap_time_std": 15.038389690544626,
    "positions_gained": 1.0,
    "dnf_flag": 0.0,
    "deg_per_10_laps": -1.726823724958445,
    "laps_completed": 70.0
  },
  "PIA": {
    "mean_lap_delta_to_field": 0.05301428571428488,
    "lap_time_std": 14.652088361980613,
    "positions_gained": -1.0,
    "dnf_flag": 0.0,
    "deg_per_10_laps": -1.7604849969381433,
    "laps_completed": 70.0
  },
  "TSU": {
    "mean_lap_delta_to_field": 0.6600857142857143,
    "lap_time_std": 11.796822435878394,
    "positions_gained": -3.0,
    "dnf_flag": 0.0,
    "deg_per_10_laps": -1.7996030093605033,
    "laps_completed": 70.0
  },
  "HUL": {
    "mean_lap_delta_to_field": 0.3476571428571426,
    "lap_time_std": 11.503131656133625,
    "positions_gained": 2.0,
    "dnf_flag": 0.0,
    "deg_per_10_laps": -2.269625579564341,
    "laps_completed": 70.0
  },
  "MAG": {
    "mean_lap_delta_to_field": 0.3537857142857143,
    "lap_time_std": 11.90806939692177,
    "positions_gained": -4.0,
    "dnf_flag": 0.0,
    "deg_per_10_laps": -2.2410595748403415,
    "laps_completed": 70.0
  }
}