{
  "BEA": {
    "mean_lap_delta_to_field": 0.45198387096774095,
    "lap_time_std": 2.8960719053964885,
    "positions_gained": 1.0,
    "dnf_flag": 0.0,
    "deg_per_10_laps": -0.6151685930850408,
    "laps_completed": 62.0
  },
  "STR": {
    "mean_lap_delta_to_field": 0.9088688524590148,
    "lap_time_std": 3.131568392034424,
    "positions_gained": 1.0,
    "dnf_flag": 0.0,
    "deg_per_10_laps": -0.48860285563193023,
    "laps_completed": 61.0
  },
  "SAI": {
    "mean_lap_delta_to_field": 0.6836885245901625,
    "lap_time_std": 3.3571169533988243,
    "positions_gained": 8.0,
    "dnf_flag": 0.0,
    "deg_per_10_laps": -0.590169222633511,
    "laps_completed": 61.0
  },
  "ANT": {
    "mean_lap_delta_to_field": -0.5132741935483891,
    "lap_time_std": 2.807897304639244,
    "positions_gained": 1.0,
    "dnf_flag": 0.0,
    "deg_per_10_laps": -0.48093122812318145,
    "laps_completed": 62.0
  },
  "HAM": {
    "mean_lap_delta_to_field": 0.2378548387096765,
    "lap_time_std": 5.438632129057771,
    "positions_gained": 0.0,
    "dnf_flag": 0.0,
    "deg_per_10_laps": 0.08110246531187432,
    "laps_completed": 62.0
  },
  "ALO": {
    "mean_lap_delta_to_field": 0.24456451612903082,
    "lap_time_std": 3.775800525120431,
    "positions_gained": 1.0,
    "dnf_flag": 0.0,
    "deg_per_10_laps": -0.699829266450107,
    "laps_completed": 62.0
  },
  "BOR": {
    "mean_lap_delta_to_field": 1.2738360655737693,
    "lap_time_std": 3.9392556885510035,
    "positions_gained": -2.0,
    "dnf_flag": 0.0,
    "deg_per_10_laps": -0.43366737176096076,
    "laps_completed": 61.0
  },
  "GAS": {
    "mean_lap_delta_to_field": 1.2854426229508187,
    "lap_time_std": 4.065332828375124,
    "positions_gained": 0.0,
    "dnf_flag": 0.0,
    "deg_per_10_laps": -0.43848915917503273,
    "laps_completed": 61.0
  },
  "LAW": {
    "mean_lap_delta_to_field": 0.9523934426229494,
    "lap_time_std": 3.134441192734425,
    "positions_gained": -3.0,
    "dnf_flag": 0.0,
    "deg_per_10_laps": -0.27520518244313863,
    "laps_completed": 61.0
  },
  "OCO": {
    "mean_lap_delta_to_field": 1.2800655737704891,
    "lap_time_std": 3.193938874389009,
    "positions_gained": -1.0,
    "dnf_flag": 0.0,
    "deg_per_10_laps": -0.27712162876783664,
    "laps_completed": 61.0
  },
  "COL": {
    "mean_lap_delta_to_field": 1.2105081967213103,
    "lap_time_std": 2.9246672376220313,
    "positions_gained": -3.0,
    "dnf_flag": 0.0,
    "deg_per_10_laps": -0.34241882601796475,
    "laps_completed": 61.0
  },
  "LEC": {
    "mean_lap_delta_to_field": -0.31464516129032455,
    "lap_time_std": 2.800055406502123,
    "positions_gained": -1.0,
    "dnf_flag": 0.0,
    "deg_per_10_laps": -0.3233806753796167,
    "laps_completed": 62.0
  },
  "NOR": {
    "mean_lap_delta_to_field": -0.9586774193548403,
    "lap_time_std": 2.4572711516419385,
    "positions_gained": 0.0,
    "dnf_flag": 0.0,
    "deg_per_10_laps": -0.43148925990280224,
    "laps_completed": 62.0
  },
  "RUS": {
    "mean_lap_delta_to_field": -1.0565161290322598,
    "lap_time_std": 2.4810331363869036,
    "positions_gained": 0.0,
    "dnf_flag": 0.0,
    "deg_per_10_laps": -0.32069325879479577,
    "laps_completed": 62.0
  },
  "ALB": {
    "mean_lap_delta_to_field": 0.9224754098360637,
    "lap_time_std": 3.7424629073069453,
    "positions_gained": 6.0,
    "dnf_flag": 0.0,
    "deg_per_10_laps": -0.6078683236382844,
    "laps_completed": 61.0
  },
  "VER": {
    "mean_lap_delta_to_field": -0.9689354838709695,
    "lap_time_std": 2.55356210039656,
    "positions_gained": 0.0,
    "dnf_flag": 0.0,
    "deg_per_10_laps": -0.46055727632142435,
    "laps_completed": 62.0
  },
  "PIA": {
    "mean_lap_delta_to_field": -0.9251290322580653,
    "lap_time_std": 3.0096660069780112,
    "positions_gained": 0.0,
    "dnf_flag": 0.0,
    "deg_per_10_laps": -0.544934401047575,
    "laps_completed": 62.0
  },
  "TSU": {
    "mean_lap_delta_to_field": 0.8232786885245876,
    "lap_time_std": 3.4735629600107245,
    "positions_gained": 4.0,
    "dnf_flag": 0.0,
    "deg_per_10_laps": -0.6865230037017321,
    "laps_completed": 61.0
  },
  "HAD": {
    "mean_lap_delta_to_field": 0.7915737704918023,
    "lap_time_std": 2.913288134410726,
    "positions_gained": -3.0,
    "dnf_flag": 0.0,
    "deg_per_10_laps": -0.45083923849813745,
    "laps_completed": 61.0
  },
  "HUL": {
    "mean_lap_delta_to_field": 1.3113278688524572,
    "lap_time_std": 5.245315887855372,
    "positions_gained": -9.0,
    "dnf_flag": 0.0,
    "deg_per_10_laps": -0.3390174510840711,
    "laps_completed": 61.0
  }
}