{
  "BEA": {
    "mean_lap_delta_to_field": 0.8390964912280705,
    "lap_time_std": 9.403961403356277,
    "positions_gained": 5.0,
    "dnf_flag": 0.0,
    "deg_per_10_laps": -0.24669367383977503,
    "laps_completed": 57.0
  },
  "STR": {
    "mean_lap_delta_to_field": 0.8310446428571433,
    "lap_time_std": 5.769264295305852,
    "positions_gained": 0.0,
    "dnf_flag": 0.0,
    "deg_per_10_laps": -0.46578400474593323,
    "laps_completed": 57.0
  },
  "SAI": {
    "mean_lap_delta_to_field": 1.751761363636364,
    "lap_time_std": 8.821681538157929,
    "positions_gained": -14.0,
    "dnf_flag": 1.0,
    "deg_per_10_laps": 1.825232805196385,
    "laps_completed": 45.0
  },
  "ANT": {
    "mean_lap_delta_to_field": 0.5444910714285712,
    "lap_time_std": 7.06903661410969,
    "positions_gained": -4.0,
    "dnf_flag": 0.0,
    "deg_per_10_laps": -0.2693731577093459,
    "laps_completed": 57.0
  },
  "HAM": {
    "mean_lap_delta_to_field": 0.169080357142857,
    "lap_time_std": 8.278935166409408,
    "positions_gained": 4.0,
    "dnf_flag": 0.0,
    "deg_per_10_laps": -0.3021914684562718,
    "laps_completed": 57.0
  },
  "ALO": {
    "mean_lap_delta_to_field": 0.7554017857142862,
    "lap_time_std": 6.28615369733301,
    "positions_gained": -5.0,
    "dnf_flag": 0.0,
    "deg_per_10_laps": -0.38382723716653355,
    "laps_completed": 57.0
  },
  "BOR": {
    "mean_lap_delta_to_field": 0.8686160714285724,
    "lap_time_std": 5.795692713659763,
    "positions_gained": 0.0,
    "dnf_flag": 0.0,
    "deg_per_10_laps": -0.5085759440870561,
    "laps_completed": 57.0
  },
  "GAS": {
    "mean_lap_delta_to_field": 0.6357280701754388,
    "lap_time_std": 9.201119809702856,
    "positions_gained": -2.0,
    "dnf_flag": 0.0,
    "deg_per_10_laps": -0.1413248638838445,
    "laps_completed": 57.0
  },
  "LAW": {
    "mean_lap_delta_to_field": 0.5534017857142854,
    "lap_time_std": 6.004811774897534,
    "positions_gained": 4.0,
    "dnf_flag": 0.0,
    "deg_per_10_laps": -0.6120432509593787,
    "laps_completed": 57.0
  },
  "OCO": {
    "mean_lap_delta_to_field": 0.7803245614035087,
    "lap_time_std": 8.9465517268248,
    "positions_gained": 5.0,
    "dnf_flag": 0.0,
    "deg_per_10_laps": -0.2146337827326828,
    "laps_completed": 57.0
  },
  "LEC": {
    "mean_lap_delta_to_field": -0.0843124999999991,
    "lap_time_std": 8.955698107763713,
    "positions_gained": 0.0,
    "dnf_flag": 0.0,
    "deg_per_10_laps": -0.19570076565136763,
    "laps_completed": 57.0
  },
  "NOR": {
    "mean_lap_delta_to_field": -0.1189553571428567,
    "lap_time_std": 9.095798294717284,
    "positions_gained": 1.0,
    "dnf_flag": 0.0,
    "deg_per_10_laps": -0.35065404794127086,
    "laps_completed": 57.0
  },
  "RUS": {
    "mean_lap_delta_to_field": -0.12291818181818118,
    "lap_time_std": 9.070062884528033,
    "positions_gained": -1.0,
    "dnf_flag": 0.0,
    "deg_per_10_laps": -0.2221671548206344,
    "laps_completed": 57.0
  },
  "DOO": {
    "mean_lap_delta_to_field": 0.9305350877192986,
    "lap_time_std": 8.579702922192745,
    "positions_gained": -3.0,
    "dnf_flag": 0.0,
    "deg_per_10_laps": -0.16273852735286198,
    "laps_completed": 57.0
  },
  "ALB": {
    "mean_lap_delta_to_field": 0.5604017857142861,
    "lap_time_std": 6.9337589265814525,
    "positions_gained": 2.0,
    "dnf_flag": 0.0,
    "deg_per_10_laps": -0.35328358762351375,
    "laps_completed": 57.0
  },
  "VER": {
    "mean_lap_delta_to_field": 0.6075350877192993,
    "lap_time_std": 9.006714153353904,
    "positions_gained": 2.0,
    "dnf_flag": 0.0,
    "deg_per_10_laps": -0.32201646357272457,
    "laps_completed": 57.0
  },
  "PIA": {
    "mean_lap_delta_to_field": -0.5785803571428565,
    "lap_time_std": 9.198282008688558,
    "positions_gained": 0.0,
    "dnf_flag": 0.0,
    "deg_per_10_laps": -0.3740722734098468,
    "laps_completed": 57.0
  },
  "TSU": {
    "mean_lap_delta_to_field": 0.4860803571428577,
    "lap_time_std": 6.952478153250725,
    "positions_gained": 1.0,
    "dnf_flag": 0.0,
    "deg_per_10_laps": -0.35914489905636887,
    "laps_completed": 57.0
  },
  "HAD": {
    "mean_lap_delta_to_field": 0.9920789473684214,
    "lap_time_std": 8.08969228497995,
    "positions_gained": 0.0,
    "dnf_flag": 0.0,
    "deg_per_10_laps": -0.40968434016074473,
    "laps_completed": 57.0
  },
  "HUL": {
    "mean_lap_delta_to_field": 0.9422192982456143,
    "lap_time_std": 7.873269595420976,
    "positions_gained": 5.0,
    "dnf_flag": 0.0,
    "deg_per_10_laps": -0.5391145968369168,
    "laps_completed": 57.0
  }
}