{
  "ANT": {
    "mean_lap_delta_to_field": 1.9100294117647059,
    "lap_time_std": 12.35860267122842,
    "positions_gained": -6.0,
    "dnf_flag": 1.0,
    "deg_per_10_laps": 1.9964552238806035,
    "laps_completed": 23.0
  },
  "OCO": {
    "mean_lap_delta_to_field": 1.1131914893617016,
    "lap_time_std": 13.988407002319274,
    "positions_gained": 2.0,
    "dnf_flag": 0.0,
    "deg_per_10_laps": -6.322742878779918,
    "laps_completed": 52.0
  },
  "HAM": {
    "mean_lap_delta_to_field": 0.45065957446808386,
    "lap_time_std": 14.318981164724846,
    "positions_gained": 2.0,
    "dnf_flag": 0.0,
    "deg_per_10_laps": -6.479291626989774,
    "laps_completed": 52.0
  },
  "BEA": {
    "mean_lap_delta_to_field": 1.416042553191489,
    "lap_time_std": 14.291131843204454,
    "positions_gained": 9.0,
    "dnf_flag": 0.0,
    "deg_per_10_laps": -6.863641288455325,
    "laps_completed": 52.0
  },
  "ALO": {
    "mean_lap_delta_to_field": 1.0733829787234046,
    "lap_time_std": 14.461443523473335,
    "positions_gained": -1.0,
    "dnf_flag": 0.0,
    "deg_per_10_laps": -6.470200946246873,
    "laps_completed": 52.0
  },
  "STR": {
    "mean_lap_delta_to_field": 0.641010869565215,
    "lap_time_std": 12.690719213848137,
    "positions_gained": 7.0,
    "dnf_flag": 0.0,
    "deg_per_10_laps": -5.734508396638239,
    "laps_completed": 52.0
  },
  "PIA": {
    "mean_lap_delta_to_field": -1.0452500000000016,
    "lap_time_std": 12.986956964009085,
    "positions_gained": 2.0,
    "dnf_flag": 0.0,
    "deg_per_10_laps": -5.498077550449748,
    "laps_completed": 52.0
  },
  "LEC": {
    "mean_lap_delta_to_field": 1.6119574468085092,
    "lap_time_std": 14.863675830907049,
    "positions_gained": 3.0,
    "dnf_flag": 0.0,
    "deg_per_10_laps": -6.498468459687014,
    "laps_completed": 52.0
  },
  "TSU": {
    "mean_lap_delta_to_field": 2.521880434782608,
    "lap_time_std": 14.194221195315576,
    "positions_gained": -3.0,
    "dnf_flag": 0.0,
    "deg_per_10_laps": -5.930965909896743,
    "laps_completed": 51.0
  },
  "NOR": {
    "mean_lap_delta_to_field": -0.8373152173913049,
    "lap_time_std": 13.025495249126779,
    "positions_gained": 4.0,
    "dnf_flag": 0.0,
    "deg_per_10_laps": -5.907438831150666,
    "laps_completed": 52.0
  },
  "BOR": {
    "mean_lap_delta_to_field": 7.405499999999999,
    "lap_time_std": 1.306581162168408,
    "positions_gained": 2.0,
    "dnf_flag": 1.0,
    "deg_per_10_laps": 0.0,
    "laps_completed": 3.0
  },
  "RUS": {
    "mean_lap_delta_to_field": 1.1443404255319138,
    "lap_time_std": 14.617385017070601,
    "positions_gained": 6.0,
    "dnf_flag": 0.0,
    "deg_per_10_laps": -6.515105646739487,
    "laps_completed": 52.0
  },
  "GAS": {
    "mean_lap_delta_to_field": 0.8566170212765941,
    "lap_time_std": 14.037520427354002,
    "positions_gained": 1.0,
    "dnf_flag": 0.0,
    "deg_per_10_laps": -6.292921256063995,
    "laps_completed": 52.0
  },
  "ALB": {
    "mean_lap_delta_to_field": 1.1001276595744662,
    "lap_time_std": 14.220869329918342,
    "positions_gained": 3.0,
    "dnf_flag": 0.0,
    "deg_per_10_laps": -6.543641344690299,
    "laps_completed": 52.0
  },
  "SAI": {
    "mean_lap_delta_to_field": 1.3708510638297864,
    "lap_time_std": 13.777018108068457,
    "positions_gained": -3.0,
    "dnf_flag": 0.0,
    "deg_per_10_laps": -6.310737783892801,
    "laps_completed": 52.0
  },
  "HAD": {
    "mean_lap_delta_to_field": 1.7587999999999975,
    "lap_time_std": 14.485854039618884,
    "positions_gained": 2.0,
    "dnf_flag": 1.0,
    "deg_per_10_laps": -4.7562142857143295,
    "laps_completed": 15.0
  },
  "HUL": {
    "mean_lap_delta_to_field": 0.18272826086956437,
    "lap_time_std": 12.762098246909405,
    "positions_gained": 10.0,
    "dnf_flag": 0.0,
    "deg_per_10_laps": -6.1210637942551696,
    "laps_completed": 52.0
  },
  "VER": {
    "mean_lap_delta_to_field": 0.2000978260869552,
    "lap_time_std": 12.820841935187158,
    "positions_gained": -2.0,
    "dnf_flag": 0.0,
    "deg_per_10_laps": -5.714682892917614,
    "laps_completed": 52.0
  }
}