{
  "BEA": {
    "mean_lap_delta_to_field": 0.425757575757575,
    "lap_time_std": 10.110441460437903,
    "positions_gained": 2.0,
    "dnf_flag": 0.0,
    "deg_per_10_laps": 0.9592393278363389,
    "laps_completed": 66.0
  },
  "SAI": {
    "mean_lap_delta_to_field": 0.45975757575757586,
    "lap_time_std": 10.668650701306147,
    "positions_gained": 2.0,
    "dnf_flag": 0.0,
    "deg_per_10_laps": 0.8148923911908991,
    "laps_completed": 66.0
  },
  "ANT": {
    "mean_lap_delta_to_field": 0.6063018867924528,
    "lap_time_std": 3.889200185012356,
    "positions_gained": 0.0,
    "dnf_flag": 1.0,
    "deg_per_10_laps": -0.22716013546202338,
    "laps_completed": 53.0
  },
  "HAM": {
    "mean_lap_delta_to_field": 0.2506515151515148,
    "lap_time_std": 11.67803620147,
    "positions_gained": -3.0,
    "dnf_flag": 0.0,
    "deg_per_10_laps": 1.839761820269278,
    "laps_completed": 66.0
  },
  "ALO": {
    "mean_lap_delta_to_field": 0.3424090909090923,
    "lap_time_std": 10.482944160693775,
    "positions_gained": 0.0,
    "dnf_flag": 0.0,
    "deg_per_10_laps": 0.9557146435653897,
    "laps_completed": 66.0
  },
  "BOR": {
    "mean_lap_delta_to_field": 0.40956060606060507,
    "lap_time_std": 9.519797641884209,
    "positions_gained": 0.0,
    "dnf_flag": 0.0,
    "deg_per_10_laps": 0.982625404446303,
    "laps_completed": 66.0
  },
  "GAS": {
    "mean_lap_delta_to_field": 0.2866212121212106,
    "lap_time_std": 8.87071211912923,
    "positions_gained": -1.0,
    "dnf_flag": 0.0,
    "deg_per_10_laps": 1.0478824757332186,
    "laps_completed": 66.0
  },
  "LAW": {
    "mean_lap_delta_to_field": 0.402530303030304,
    "lap_time_std": 10.305680223464066,
    "positions_gained": 2.0,
    "dnf_flag": 0.0,
    "deg_per_10_laps": 1.0972126082872349,
    "laps_completed": 66.0
  },
  "OCO": {
    "mean_lap_delta_to_field": 0.5035151515151515,
    "lap_time_std": 9.700926711073175,
    "positions_gained": -1.0,
    "dnf_flag": 0.0,
    "deg_per_10_laps": 0.9826677799812114,
    "laps_completed": 66.0
  },
  "COL": {
    "mean_lap_delta_to_field": 0.4911515151515149,
    "lap_time_std": 8.374652834581683,
    "positions_gained": 2.0,
    "dnf_flag": 0.0,
    "deg_per_10_laps": 0.6351382945412822,
    "laps_completed": 66.0
  },
  "LEC": {
    "mean_lap_delta_to_field": 0.1740909090909088,
    "lap_time_std": 12.321667994887044,
    "positions_gained": 2.0,
    "dnf_flag": 0.0,
    "deg_per_10_laps": 1.9292637511741975,
    "laps_completed": 66.0
  },
  "NOR": {
    "mean_lap_delta_to_field": 0.053121212121212555,
    "lap_time_std": 13.810042031368283,
    "positions_gained": 1.0,
    "dnf_flag": 0.0,
    "deg_per_10_laps": 2.133533869115953,
    "laps_completed": 66.0
  },
  "RUS": {
    "mean_lap_delta_to_field": 0.1877878787878791,
    "lap_time_std": 12.01750900019205,
    "positions_gained": 2.0,
    "dnf_flag": 0.0,
    "deg_per_10_laps": 1.80330236927252,
    "laps_completed": 66.0
  },
  "ALB": {
    "mean_lap_delta_to_field": 3.1665925925925933,
    "lap_time_std": 9.09217575862021,
    "positions_gained": -5.0,
    "dnf_flag": 1.0,
    "deg_per_10_laps": 2.0469291819291975,
    "laps_completed": 27.0
  },
  "VER": {
    "mean_lap_delta_to_field": 0.1948636363636377,
    "lap_time_std": 13.670279085425667,
    "positions_gained": -3.0,
    "dnf_flag": 0.0,
    "deg_per_10_laps": 2.160829349754723,
    "laps_completed": 66.0
  },
  "PIA": {
    "mean_lap_delta_to_field": 0.015681818181817915,
    "lap_time_std": 14.107313755265762,
    "positions_gained": 0.0,
    "dnf_flag": 0.0,
    "deg_per_10_laps": 2.2216058866506576,
    "laps_completed": 66.0
  },
  "TSU": {
    "mean_lap_delta_to_field": 0.452378787878787,
    "lap_time_std": 10.272193464756652,
    "positions_gained": 5.0,
    "dnf_flag": 0.0,
    "deg_per_10_laps": 0.8741553073791881,
    "laps_completed": 66.0
  },
  "HAD": {
    "mean_lap_delta_to_field": 0.25843939393939397,
    "lap_time_std": 9.853878499397364,
    "positions_gained": 1.0,
    "dnf_flag": 0.0,
    "deg_per_10_laps": 1.44543304456737,
    "laps_completed": 66.0
  },
  "HUL": {
    "mean_lap_delta_to_field": 0.22246969696969598,
    "lap_time_std": 9.088778219015587,
    "positions_gained": 5.0,
    "dnf_flag": 0.0,
    "deg_per_10_laps": 1.1731562467383372,
    "laps_completed": 66.0
  }
}