{
  "BEA": {
    "mean_lap_delta_to_field": 0.859791666666666,
    "lap_time_std": 6.933892631219255,
    "positions_gained": 3.0,
    "dnf_flag": 0.0,
    "deg_per_10_laps": -2.2319155612227934,
    "laps_completed": 51.0
  },
  "STR": {
    "mean_lap_delta_to_field": 1.3942916666666676,
    "lap_time_std": 6.485047679412648,
    "positions_gained": -3.0,
    "dnf_flag": 0.0,
    "deg_per_10_laps": -1.5938964810500171,
    "laps_completed": 51.0
  },
  "SAI": {
    "mean_lap_delta_to_field": -0.5226666666666672,
    "lap_time_std": 4.331440947199672,
    "positions_gained": 0.0,
    "dnf_flag": 0.0,
    "deg_per_10_laps": -1.2395280027238438,
    "laps_completed": 51.0
  },
  "ANT": {
    "mean_lap_delta_to_field": -0.41547916666666634,
    "lap_time_std": 4.771171657875917,
    "positions_gained": 1.0,
    "dnf_flag": 0.0,
    "deg_per_10_laps": -1.5876624451728871,
    "laps_completed": 51.0
  },
  "HAM": {
    "mean_lap_delta_to_field": 0.10891666666666655,
    "lap_time_std": 6.128848528224115,
    "positions_gained": 3.0,
    "dnf_flag": 0.0,
    "deg_per_10_laps": -1.6432161240144603,
    "laps_completed": 51.0
  },
  "ALO": {
    "mean_lap_delta_to_field": 1.012666666666666,
    "lap_time_std": 6.594924952793528,
    "positions_gained": -3.0,
    "dnf_flag": 0.0,
    "deg_per_10_laps": -1.9146910654320548,
    "laps_completed": 51.0
  },
  "BOR": {
    "mean_lap_delta_to_field": 0.787520833333334,
    "lap_time_std": 6.3545298844799065,
    "positions_gained": 1.0,
    "dnf_flag": 0.0,
    "deg_per_10_laps": -1.7779589288933315,
    "laps_completed": 51.0
  },
  "GAS": {
    "mean_lap_delta_to_field": 1.7771276595744674,
    "lap_time_std": 7.042870839664729,
    "positions_gained": -1.0,
    "dnf_flag": 0.0,
    "deg_per_10_laps": -1.790953173535636,
    "laps_completed": 50.0
  },
  "LAW": {
    "mean_lap_delta_to_field": -0.19616666666666602,
    "lap_time_std": 4.516979526274191,
    "positions_gained": -1.0,
    "dnf_flag": 0.0,
    "deg_per_10_laps": -1.412504656550218,
    "laps_completed": 51.0
  },
  "OCO": {
    "mean_lap_delta_to_field": 1.094125,
    "lap_time_std": 6.789702056363334,
    "positions_gained": 5.0,
    "dnf_flag": 0.0,
    "deg_per_10_laps": -2.0522163843807126,
    "laps_completed": 51.0
  },
  "COL": {
    "mean_lap_delta_to_field": 1.7723829787234051,
    "lap_time_std": 7.457041378659105,
    "positions_gained": -4.0,
    "dnf_flag": 0.0,
    "deg_per_10_laps": -2.1041870929658653,
    "laps_completed": 50.0
  },
  "LEC": {
    "mean_lap_delta_to_field": 0.09197916666666799,
    "lap_time_std": 5.9939543341470705,
    "positions_gained": 1.0,
    "dnf_flag": 0.0,
    "deg_per_10_laps": -1.7912732577158663,
    "laps_completed": 51.0
  },
  "NOR": {
    "mean_lap_delta_to_field": -0.009562500000000066,
    "lap_time_std": 5.680613740401807,
    "positions_gained": 2.0,
    "dnf_flag": 0.0,
    "deg_per_10_laps": -1.4070587960397607,
    "laps_completed": 51.0
  },
  "RUS": {
    "mean_lap_delta_to_field": -0.5271458333333335,
    "lap_time_std": 4.812934474032425,
    "positions_gained": 4.0,
    "dnf_flag": 0.0,
    "deg_per_10_laps": -1.2882620886714196,
    "laps_completed": 51.0
  },
  "ALB": {
    "mean_lap_delta_to_field": 0.8683541666666669,
    "lap_time_std": 7.774324444636892,
    "positions_gained": 9.0,
    "dnf_flag": 0.0,
    "deg_per_10_laps": -2.572723297438414,
    "laps_completed": 51.0
  },
  "VER": {
    "mean_lap_delta_to_field": -0.924937499999999,
    "lap_time_std": 4.223342319848176,
    "positions_gained": 0.0,
    "dnf_flag": 0.0,
    "deg_per_10_laps": -0.9525710833238943,
    "laps_completed": 51.0
  },
  "TSU": {
    "mean_lap_delta_to_field": -0.06124999999999906,
    "lap_time_std": 5.298909221188567,
    "positions_gained": 1.0,
    "dnf_flag": 0.0,
    "deg_per_10_laps": -1.2542631301364064,
    "laps_completed": 51.0
  },
  "HAD": {
    "mean_lap_delta_to_field": 0.09658333333333295,
    "lap_time_std": 5.687437309295206,
    "positions_gained": -2.0,
    "dnf_flag": 0.0,
    "deg_per_10_laps": -1.874670236132174,
    "laps_completed": 51.0
  },
  "HUL": {
    "mean_lap_delta_to_field": 1.1596875000000013,
    "lap_time_std": 7.160690911451488,
    "positions_gained": 2.0,
    "dnf_flag": 0.0,
    "deg_per_10_laps": -2.07719638958804,
    "laps_completed": 51.0
  }
}