{
  "BEA": {
    "mean_lap_delta_to_field": 0.8371354166666665,
    "lap_time_std": 7.619605031437421,
    "positions_gained": 1.0,
    "dnf_flag": 0.0,
    "deg_per_10_laps": -2.1233339897421217,
    "laps_completed": 50.0
  },
  "STR": {
    "mean_lap_delta_to_field": 1.2891489361702135,
    "lap_time_std": 7.722716941310009,
    "positions_gained": -1.0,
    "dnf_flag": 0.0,
    "deg_per_10_laps": -1.6389028479380219,
    "laps_completed": 49.0
  },
  "SAI": {
    "mean_lap_delta_to_field": 0.353677083333334,
    "lap_time_std": 6.401740623782283,
    "positions_gained": 0.0,
    "dnf_flag": 0.0,
    "deg_per_10_laps": -1.6263928248552209,
    "laps_completed": 50.0
  },
  "ANT": {
    "mean_lap_delta_to_field": -0.343593749999999,
    "lap_time_std": 5.744845124996407,
    "positions_gained": 0.0,
    "dnf_flag": 0.0,
    "deg_per_10_laps": -1.5784654803569667,
    "laps_completed": 50.0
  },
  "HAM": {
    "mean_lap_delta_to_field": -0.19596875000000016,
    "lap_time_std": 6.148541552511538,
    "positions_gained": 0.0,
    "dnf_flag": 0.0,
    "deg_per_10_laps": -1.6727367323373767,
    "laps_completed": 50.0
  },
  "ALO": {
    "mean_lap_delta_to_field": 0.6669687500000014,
    "lap_time_std": 6.793170650556969,
    "positions_gained": -1.0,
    "dnf_flag": 0.0,
    "deg_per_10_laps": -1.92642818141946,
    "laps_completed": 50.0
  },
  "BOR": {
    "mean_lap_delta_to_field": 1.6328936170212769,
    "lap_time_std": 7.935645362194789,
    "positions_gained": 1.0,
    "dnf_flag": 0.0,
    "deg_per_10_laps": -1.6946370485005955,
    "laps_completed": 49.0
  },
  "LAW": {
    "mean_lap_delta_to_field": 0.5968020833333346,
    "lap_time_std": 7.444983500141281,
    "positions_gained": 2.0,
    "dnf_flag": 0.0,
    "deg_per_10_laps": -2.076419140880245,
    "laps_completed": 50.0
  },
  "OCO": {
    "mean_lap_delta_to_field": 1.3331770833333332,
    "lap_time_std": 7.835643285336276,
    "positions_gained": 4.0,
    "dnf_flag": 0.0,
    "deg_per_10_laps": -1.6831538055299442,
    "laps_completed": 50.0
  },
  "LEC": {
    "mean_lap_delta_to_field": -0.9211354166666667,
    "lap_time_std": 5.580960964456819,
    "positions_gained": 2.0,
    "dnf_flag": 0.0,
    "deg_per_10_laps": -1.4450336558687367,
    "laps_completed": 50.0
  },
  "NOR": {
    "mean_lap_delta_to_field": -0.754010416666666,
    "lap_time_std": 6.641710226560573,
    "positions_gained": 5.0,
    "dnf_flag": 0.0,
    "deg_per_10_laps": -1.7018595315031475,
    "laps_completed": 50.0
  },
  "RUS": {
    "mean_lap_delta_to_field": -0.5354062500000003,
    "lap_time_std": 5.361512351476537,
    "positions_gained": -1.0,
    "dnf_flag": 0.0,
    "deg_per_10_laps": -1.1739281590418857,
    "laps_completed": 50.0
  },
  "DOO": {
    "mean_lap_delta_to_field": 1.6182127659574488,
    "lap_time_std": 8.16600069731378,
    "positions_gained": 0.0,
    "dnf_flag": 0.0,
    "deg_per_10_laps": -1.812640669255705,
    "laps_completed": 49.0
  },
  "ALB": {
    "mean_lap_delta_to_field": 0.45842708333333376,
    "lap_time_std": 6.753941973721503,
    "positions_gained": 1.0,
    "dnf_flag": 0.0,
    "deg_per_10_laps": -1.7246960678129875,
    "laps_completed": 50.0
  },
  "VER": {
    "mean_lap_delta_to_field": -1.111010416666667,
    "lap_time_std": 5.4083849134373905,
    "positions_gained": 0.0,
    "dnf_flag": 0.0,
    "deg_per_10_laps": -1.2887999803077332,
    "laps_completed": 50.0
  },
  "PIA": {
    "mean_lap_delta_to_field": -1.145593749999999,
    "lap_time_std": 5.218224820391746,
    "positions_gained": 2.0,
    "dnf_flag": 0.0,
    "deg_per_10_laps": -1.3366394704571332,
    "laps_completed": 50.0
  },
  "TSU": {
    "mean_lap_delta_to_field": 27.53400000000002,
    "lap_time_std": 0.0,
    "positions_gained": 0.0,
    "dnf_flag": 1.0,
    "deg_per_10_laps": 0.0,
    "laps_completed": 1.0
  },
  "HAD": {
    "mean_lap_delta_to_field": 0.5327812500000005,
    "lap_time_std": 7.083449707982278,
    "positions_gained": 2.0,
    "dnf_flag": 0.0,
    "deg_per_10_laps": -1.582953436747547,
    "laps_completed": 50.0
  },
  "HUL": {
    "mean_lap_delta_to_field": 1.291021276595745,
    "lap_time_std": 7.876288078202939,
    "positions_gained": 1.0,
    "dnf_flag": 0.0,
    "deg_per_10_laps": -1.8072362056043882,
    "laps_completed": 49.0
  }
}