{
  "BEA": {
    "mean_lap_delta_to_field": 0.6085185185185172,
    "lap_time_std": 7.443157174072623,
    "positions_gained": 4.0,
    "dnf_flag": 1.0,
    "deg_per_10_laps": -4.799065934065913,
    "laps_completed": 27.0
  },
  "STR": {
    "mean_lap_delta_to_field": 1.2033124999999991,
    "lap_time_std": 7.103945764000255,
    "positions_gained": 0.0,
    "dnf_flag": 0.0,
    "deg_per_10_laps": -1.4666811346548156,
    "laps_completed": 56.0
  },
  "SAI": {
    "mean_lap_delta_to_field": 0.2069385964912279,
    "lap_time_std": 7.790963074594774,
    "positions_gained": -1.0,
    "dnf_flag": 0.0,
    "deg_per_10_laps": -1.4748392533056842,
    "laps_completed": 57.0
  },
  "ANT": {
    "mean_lap_delta_to_field": 0.11790350877192834,
    "lap_time_std": 7.755025359941343,
    "positions_gained": -3.0,
    "dnf_flag": 0.0,
    "deg_per_10_laps": -1.3838475499092575,
    "laps_completed": 57.0
  },
  "HAM": {
    "mean_lap_delta_to_field": 0.20007894736842052,
    "lap_time_std": 8.544575587392954,
    "positions_gained": 5.0,
    "dnf_flag": 0.0,
    "deg_per_10_laps": -1.5496441534871574,
    "laps_completed": 57.0
  },
  "ALO": {
    "mean_lap_delta_to_field": 1.1286160714285705,
    "lap_time_std": 7.763848900136826,
    "positions_gained": 3.0,
    "dnf_flag": 0.0,
    "deg_per_10_laps": -1.4537293233082684,
    "laps_completed": 56.0
  },
  "BOR": {
    "mean_lap_delta_to_field": 1.7691666666666663,
    "lap_time_std": 9.351202921512844,
    "positions_gained": -3.0,
    "dnf_flag": 1.0,
    "deg_per_10_laps": 0.25821802002228045,
    "laps_completed": 30.0
  },
  "GAS": {
    "mean_lap_delta_to_field": 0.7309385964912278,
    "lap_time_std": 7.85293943745084,
    "positions_gained": 6.0,
    "dnf_flag": 0.0,
    "deg_per_10_laps": -1.5581825252787262,
    "laps_completed": 57.0
  },
  "LAW": {
    "mean_lap_delta_to_field": 2.22147222222222,
    "lap_time_std": 8.988871980142825,
    "positions_gained": 3.0,
    "dnf_flag": 1.0,
    "deg_per_10_laps": -0.5839832689832726,
    "laps_completed": 36.0
  },
  "OCO": {
    "mean_lap_delta_to_field": 0.5828859649122811,
    "lap_time_std": 7.220457922651584,
    "positions_gained": -1.0,
    "dnf_flag": 0.0,
    "deg_per_10_laps": -1.4582583614207911,
    "laps_completed": 57.0
  },
  "LEC": {
    "mean_lap_delta_to_field": 0.14481578947368434,
    "lap_time_std": 8.238418143674492,
    "positions_gained": 2.0,
    "dnf_flag": 0.0,
    "deg_per_10_laps": -1.4932855846512851,
    "laps_completed": 57.0
  },
  "NOR": {
    "mean_lap_delta_to_field": -0.7745877192982459,
    "lap_time_std": 7.459100728040389,
    "positions_gained": 5.0,
    "dnf_flag": 0.0,
    "deg_per_10_laps": -1.482661394866474,
    "laps_completed": 57.0
  },
  "RUS": {
    "mean_lap_delta_to_field": -0.19539473684210656,
    "lap_time_std": 7.9156561048453495,
    "positions_gained": 2.0,
    "dnf_flag": 0.0,
    "deg_per_10_laps": -1.4432888255120573,
    "laps_completed": 57.0
  },
  "ALB": {
    "mean_lap_delta_to_field": -0.012535087719298761,
    "lap_time_std": 7.6346081541421125,
    "positions_gained": 1.0,
    "dnf_flag": 0.0,
    "deg_per_10_laps": -1.4917824734249396,
    "laps_completed": 57.0
  },
  "VER": {
    "mean_lap_delta_to_field": -0.15483333333333343,
    "lap_time_std": 7.723846665775809,
    "positions_gained": -2.0,
    "dnf_flag": 0.0,
    "deg_per_10_laps": -1.3907732693803532,
    "laps_completed": 57.0
  },
  "PIA": {
    "mean_lap_delta_to_field": -0.8558157894736839,
    "lap_time_std": 7.381564586266789,
    "positions_gained": 3.0,
    "dnf_flag": 0.0,
    "deg_per_10_laps": -1.3564998703655606,
    "laps_completed": 57.0
  },
  "TSU": {
    "mean_lap_delta_to_field": 0.3623245614035078,
    "lap_time_std": 7.800778837674532,
    "positions_gained": 0.0,
    "dnf_flag": 0.0,
    "deg_per_10_laps": -1.4753791807103978,
    "laps_completed": 57.0
  },
  "HAD": {
    "mean_lap_delta_to_field": 0.4529912280701749,
    "lap_time_std": 7.378252052841729,
    "positions_gained": 1.0,
    "dnf_flag": 0.0,
    "deg_per_10_laps": -1.6102495462794923,
    "laps_completed": 57.0
  },
  "HUL": {
    "mean_lap_delta_to_field": 0.7746160714285709,
    "lap_time_std": 7.768270779767668,
    "positions_gained": 1.0,
    "dnf_flag": 0.0,
    "deg_per_10_laps": -1.4772132604237898,
    "laps_completed": 56.0
  }
}