{
  "BEA": {
    "mean_lap_delta_to_field": 0.4081549295774646,
    "lap_time_std": 9.850869606549017,
    "positions_gained": 4.0,
    "dnf_flag": 0.0,
    "deg_per_10_laps": -2.4918185781354856,
    "laps_completed": 71.0
  },
  "STR": {
    "mean_lap_delta_to_field": 0.8112112676056344,
    "lap_time_std": 9.822647379461781,
    "positions_gained": 0.0,
    "dnf_flag": 0.0,
    "deg_per_10_laps": -2.48894366197184,
    "laps_completed": 71.0
  },
  "SAI": {
    "mean_lap_delta_to_field": 0.7713943661971844,
    "lap_time_std": 9.720451392897864,
    "positions_gained": 1.0,
    "dnf_flag": 0.0,
    "deg_per_10_laps": -2.4222407780013406,
    "laps_completed": 71.0
  },
  "ANT": {
    "mean_lap_delta_to_field": 0.13714084507042387,
    "lap_time_std": 10.217606831847732,
    "positions_gained": 1.0,
    "dnf_flag": 0.0,
    "deg_per_10_laps": -2.432085848423879,
    "laps_completed": 71.0
  },
  "HAM": {
    "mean_lap_delta_to_field": 1.802756756756757,
    "lap_time_std": 13.350947778550612,
    "positions_gained": 0.0,
    "dnf_flag": 1.0,
    "deg_per_10_laps": -6.327339971550499,
    "laps_completed": 37.0
  },
  "ALO": {
    "mean_lap_delta_to_field": 0.7762676056338031,
    "lap_time_std": 9.765769077283416,
    "positions_gained": -3.0,
    "dnf_flag": 0.0,
    "deg_per_10_laps": -2.467657612340712,
    "laps_completed": 71.0
  },
  "GAS": {
    "mean_lap_delta_to_field": 0.7501830985915497,
    "lap_time_std": 9.701046115300503,
    "positions_gained": -1.0,
    "dnf_flag": 0.0,
    "deg_per_10_laps": -2.3762937625754605,
    "laps_completed": 71.0
  },
  "LAW": {
    "mean_lap_delta_to_field": 0.7322676056338038,
    "lap_time_std": 9.550107859493938,
    "positions_gained": 0.0,
    "dnf_flag": 0.0,
    "deg_per_10_laps": -2.2700130784708334,
    "laps_completed": 71.0
  },
  "OCO": {
    "mean_lap_delta_to_field": 0.7611971830985922,
    "lap_time_std": 9.938342044504267,
    "positions_gained": 8.0,
    "dnf_flag": 0.0,
    "deg_per_10_laps": -2.514767940979208,
    "laps_completed": 71.0
  },
  "COL": {
    "mean_lap_delta_to_field": 0.8045915492957749,
    "lap_time_std": 9.816200351871824,
    "positions_gained": 2.0,
    "dnf_flag": 0.0,
    "deg_per_10_laps": -2.5174074446680117,
    "laps_completed": 71.0
  },
  "LEC": {
    "mean_lap_delta_to_field": -0.3361999999999995,
    "lap_time_std": 16.03072947498024,
    "positions_gained": 1.0,
    "dnf_flag": 1.0,
    "deg_per_10_laps": 91.188,
    "laps_completed": 5.0
  },
  "NOR": {
    "mean_lap_delta_to_field": -0.009169014084506188,
    "lap_time_std": 10.311073108122462,
    "positions_gained": 0.0,
    "dnf_flag": 0.0,
    "deg_per_10_laps": -2.3253477531857856,
    "laps_completed": 71.0
  },
  "RUS": {
    "mean_lap_delta_to_field": 0.20585915492957746,
    "lap_time_std": 9.896842033833607,
    "positions_gained": 4.0,
    "dnf_flag": 0.0,
    "deg_per_10_laps": -2.3851495640509817,
    "laps_completed": 71.0
  },
  "ALB": {
    "mean_lap_delta_to_field": 0.7539859154929581,
    "lap_time_std": 9.684508621724977,
    "positions_gained": 1.0,
    "dnf_flag": 0.0,
    "deg_per_10_laps": -2.342870556673379,
    "laps_completed": 71.0
  },
  "VER": {
    "mean_lap_delta_to_field": 0.14223943661971897,
    "lap_time_std": 10.27561362816901,
    "positions_gained": 16.0,
    "dnf_flag": 0.0,
    "deg_per_10_laps": -2.523424882629113,
    "laps_completed": 71.0
  },
  "PIA": {
    "mean_lap_delta_to_field": 0.21264788732394443,
    "lap_time_std": 10.375244723030724,
    "positions_gained": 0.0,
    "dnf_flag": 0.0,
    "deg_per_10_laps": -2.331592555332001,
    "laps_completed": 71.0
  },
  "TSU": {
    "mean_lap_delta_to_field": 0.9651408450704226,
    "lap_time_std": 10.540847867710708,
    "positions_gained": -2.0,
    "dnf_flag": 0.0,
    "deg_per_10_laps": -2.5372696177062397,
    "laps_completed": 71.0
  },
  "HAD": {
    "mean_lap_delta_to_field": 0.7355211267605647,
    "lap_time_std": 9.850016555604062,
    "positions_gained": -2.0,
    "dnf_flag": 0.0,
    "deg_per_10_laps": -2.3699805499664697,
    "laps_completed": 71.0
  },
  "HUL": {
    "mean_lap_delta_to_field": 0.7418732394366203,
    "lap_time_std": 9.537003130663521,
    "positions_gained": 4.0,
    "dnf_flag": 0.0,
    "deg_per_10_laps": -2.293462441314555,
    "laps_completed": 71.0
  }
}