{
  "BEA": {
    "mean_lap_delta_to_field": 0.5685,
    "lap_time_std": 2.940771358689914,
    "positions_gained": 6.0,
    "dnf_flag": 0.0,
    "deg_per_10_laps": -0.8623810663021325,
    "laps_completed": 56.0
  },
  "STR": {
    "mean_lap_delta_to_field": 0.7274464285714277,
    "lap_time_std": 2.7065874596294512,
    "positions_gained": 2.0,
    "dnf_flag": 0.0,
    "deg_per_10_laps": -0.6224388243335509,
    "laps_completed": 56.0
  },
  "SAI": {
    "mean_lap_delta_to_field": 0.8378571428571424,
    "lap_time_std": 2.9527272816288526,
    "positions_gained": 2.0,
    "dnf_flag": 0.0,
    "deg_per_10_laps": -0.7743031442242005,
    "laps_completed": 56.0
  },
  "ANT": {
    "mean_lap_delta_to_field": 0.4335892857142853,
    "lap_time_std": 2.9376479581416843,
    "positions_gained": -1.0,
    "dnf_flag": 0.0,
    "deg_per_10_laps": -0.8952939166097039,
    "laps_completed": 56.0
  },
  "HAM": {
    "mean_lap_delta_to_field": -0.07296428571428594,
    "lap_time_std": 3.6755932299267147,
    "positions_gained": -2.0,
    "dnf_flag": 0.0,
    "deg_per_10_laps": -0.810111756664399,
    "laps_completed": 56.0
  },
  "ALO": {
    "mean_lap_delta_to_field": 10.836375,
    "lap_time_std": 19.940542662291495,
    "positions_gained": -8.0,
    "dnf_flag": 1.0,
    "deg_per_10_laps": 0.0,
    "laps_completed": 4.0
  },
  "BOR": {
    "mean_lap_delta_to_field": 1.4208090909090902,
    "lap_time_std": 5.0103510722643065,
    "positions_gained": 3.0,
    "dnf_flag": 0.0,
    "deg_per_10_laps": -1.2362994227994237,
    "laps_completed": 55.0
  },
  "GAS": {
    "mean_lap_delta_to_field": 0.6737142857142856,
    "lap_time_std": 2.823016177307117,
    "positions_gained": 2.0,
    "dnf_flag": 0.0,
    "deg_per_10_laps": -0.9162792207792175,
    "laps_completed": 56.0
  },
  "LAW": {
    "mean_lap_delta_to_field": 0.9228571428571433,
    "lap_time_std": 3.9296619423932113,
    "positions_gained": 2.0,
    "dnf_flag": 0.0,
    "deg_per_10_laps": -0.9421158578263842,
    "laps_completed": 56.0
  },
  "OCO": {
    "mean_lap_delta_to_field": 0.366107142857142,
    "lap_time_std": 2.7822761185179536,
    "positions_gained": 3.0,
    "dnf_flag": 0.0,
    "deg_per_10_laps": -0.9423277511961642,
    "laps_completed": 56.0
  },
  "LEC": {
    "mean_lap_delta_to_field": -0.11171428571428647,
    "lap_time_std": 2.6308682927317526,
    "positions_gained": 0.0,
    "dnf_flag": 0.0,
    "deg_per_10_laps": -0.5961377306903605,
    "laps_completed": 56.0
  },
  "NOR": {
    "mean_lap_delta_to_field": -0.3521250000000009,
    "lap_time_std": 2.763172407676629,
    "positions_gained": 0.0,
    "dnf_flag": 0.0,
    "deg_per_10_laps": -0.579795625427207,
    "laps_completed": 56.0
  },
  "RUS": {
    "mean_lap_delta_to_field": -0.3280357142857146,
    "lap_time_std": 2.5652983684468076,
    "positions_gained": 0.0,
    "dnf_flag": 0.0,
    "deg_per_10_laps": -0.7051097060833864,
    "laps_completed": 56.0
  },
  "DOO": {
    "mean_lap_delta_to_field": 0.8738214285714277,
    "lap_time_std": 2.858704407242382,
    "positions_gained": 3.0,
    "dnf_flag": 0.0,
    "deg_per_10_laps": -0.8851015037593941,
    "laps_completed": 56.0
  },
  "ALB": {
    "mean_lap_delta_to_field": 0.4795357142857145,
    "lap_time_std": 3.1598347441068753,
    "positions_gained": 2.0,
    "dnf_flag": 0.0,
    "deg_per_10_laps": -0.8376667805878311,
    "laps_completed": 56.0
  },
  "VER": {
    "mean_lap_delta_to_field": -0.2287678571428588,
    "lap_time_std": 2.7749182309235128,
    "positions_gained": 2.0,
    "dnf_flag": 0.0,
    "deg_per_10_laps": -0.8933458646616605,
    "laps_completed": 56.0
  },
  "PIA": {
    "mean_lap_delta_to_field": -0.526196428571429,
    "lap_time_std": 2.941579397084278,
    "positions_gained": 0.0,
    "dnf_flag": 0.0,
    "deg_per_10_laps": -0.6653014354067043,
    "laps_completed": 56.0
  },
  "TSU": {
    "mean_lap_delta_to_field": 1.652718181818182,
    "lap_time_std": 6.276522058178504,
    "positions_gained": -11.0,
    "dnf_flag": 0.0,
    "deg_per_10_laps": -0.09333261183262227,
    "laps_completed": 55.0
  },
  "HAD": {
    "mean_lap_delta_to_field": 0.8822857142857128,
    "lap_time_std": 3.6107208208927712,
    "positions_gained": -6.0,
    "dnf_flag": 0.0,
    "deg_per_10_laps": -0.7675642515379435,
    "laps_completed": 56.0
  },
  "HUL": {
    "mean_lap_delta_to_field": 1.5929909090909085,
    "lap_time_std": 3.249855267225367,
    "positions_gained": 1.0,
    "dnf_flag": 0.0,
    "deg_per_10_laps": -0.7427034632034585,
    "laps_completed": 55.0
  }
}