{
  "BEA": {
    "mean_lap_delta_to_field": 0.4656585365853655,
    "lap_time_std": 15.85176025256749,
    "positions_gained": 1.0,
    "dnf_flag": 0.0,
    "deg_per_10_laps": -7.841120688222093,
    "laps_completed": 44.0
  },
  "STR": {
    "mean_lap_delta_to_field": 0.7323658536585369,
    "lap_time_std": 16.890294603562186,
    "positions_gained": 2.0,
    "dnf_flag": 0.0,
    "deg_per_10_laps": -8.194708419915228,
    "laps_completed": 44.0
  },
  "SAI": {
    "mean_lap_delta_to_field": 1.0715609756097557,
    "lap_time_std": 17.387865032481844,
    "positions_gained": -1.0,
    "dnf_flag": 0.0,
    "deg_per_10_laps": -8.39608316016956,
    "laps_completed": 44.0
  },
  "ANT": {
    "mean_lap_delta_to_field": 1.038121951219512,
    "lap_time_std": 17.9537250694532,
    "positions_gained": 3.0,
    "dnf_flag": 0.0,
    "deg_per_10_laps": -8.293674008810575,
    "laps_completed": 44.0
  },
  "HAM": {
    "mean_lap_delta_to_field": -0.13314634146341542,
    "lap_time_std": 17.610270321050947,
    "positions_gained": 11.0,
    "dnf_flag": 0.0,
    "deg_per_10_laps": -8.070465464217447,
    "laps_completed": 44.0
  },
  "ALO": {
    "mean_lap_delta_to_field": 1.0969512195121947,
    "lap_time_std": 18.258665562932702,
    "positions_gained": 3.0,
    "dnf_flag": 0.0,
    "deg_per_10_laps": -8.353593633114452,
    "laps_completed": 44.0
  },
  "BOR": {
    "mean_lap_delta_to_field": 0.021121951219511145,
    "lap_time_std": 15.582680796946082,
    "positions_gained": 1.0,
    "dnf_flag": 0.0,
    "deg_per_10_laps": -7.6831331975729364,
    "laps_completed": 44.0
  },
  "GAS": {
    "mean_lap_delta_to_field": 0.49663414634146225,
    "lap_time_std": 16.286387817820096,
    "positions_gained": 3.0,
    "dnf_flag": 0.0,
    "deg_per_10_laps": -7.90772067991024,
    "laps_completed": 44.0
  },
  "LAW": {
    "mean_lap_delta_to_field": -0.08895121951219456,
    "lap_time_std": 15.476900057118963,
    "positions_gained": 1.0,
    "dnf_flag": 0.0,
    "deg_per_10_laps": -7.659626132491062,
    "laps_completed": 44.0
  },
  "OCO": {
    "mean_lap_delta_to_field": 0.779121951219513,
    "lap_time_std": 15.923082373382117,
    "positions_gained": -4.0,
    "dnf_flag": 0.0,
    "deg_per_10_laps": -8.123144543263226,
    "laps_completed": 44.0
  },
  "COL": {
    "mean_lap_delta_to_field": 1.0920731707317057,
    "lap_time_std": 16.60930129354502,
    "positions_gained": -4.0,
    "dnf_flag": 0.0,
    "deg_per_10_laps": -8.105381306624555,
    "laps_completed": 44.0
  },
  "LEC": {
    "mean_lap_delta_to_field": -1.0343658536585378,
    "lap_time_std": 14.290216296558953,
    "positions_gained": 0.0,
    "dnf_flag": 0.0,
    "deg_per_10_laps": -7.160732441193592,
    "laps_completed": 44.0
  },
  "NOR": {
    "mean_lap_delta_to_field": -1.5133414634146352,
    "lap_time_std": 13.540269417736043,
    "positions_gained": -1.0,
    "dnf_flag": 0.0,
    "deg_per_10_laps": -6.9780998254509266,
    "laps_completed": 44.0
  },
  "RUS": {
    "mean_lap_delta_to_field": -0.5823902439024404,
    "lap_time_std": 14.799316327073385,
    "positions_gained": 1.0,
    "dnf_flag": 0.0,
    "deg_per_10_laps": -7.304275164159254,
    "laps_completed": 44.0
  },
  "ALB": {
    "mean_lap_delta_to_field": -0.5037317073170747,
    "lap_time_std": 14.455885212241833,
    "positions_gained": -1.0,
    "dnf_flag": 0.0,
    "deg_per_10_laps": -7.223650278447348,
    "laps_completed": 44.0
  },
  "VER": {
    "mean_lap_delta_to_field": -0.9650731707317086,
    "lap_time_std": 14.514159402156906,
    "positions_gained": 0.0,
    "dnf_flag": 0.0,
    "deg_per_10_laps": -7.265912933255767,
    "laps_completed": 44.0
  },
  "PIA": {
    "mean_lap_delta_to_field": -1.5822682926829255,
    "lap_time_std": 13.552632056352671,
    "positions_gained": 1.0,
    "dnf_flag": 0.0,
    "deg_per_10_laps": -6.744906200648329,
    "laps_completed": 44.0
  },
  "TSU": {
    "mean_lap_delta_to_field": 0.4395853658536588,
    "lap_time_std": 14.892681776426372,
    "positions_gained": -6.0,
    "dnf_flag": 0.0,
    "deg_per_10_laps": -7.452839373285688,
    "laps_completed": 44.0
  },
  "HAD": {
    "mean_lap_delta_to_field": 1.5826749999999996,
    "lap_time_std": 15.092573704071173,
    "positions_gained": -12.0,
    "dnf_flag": 0.0,
    "deg_per_10_laps": -7.773507430200097,
    "laps_completed": 43.0
  },
  "HUL": {
    "mean_lap_delta_to_field": 0.5536585365853659,
    "lap_time_std": 16.64415375153925,
    "positions_gained": 2.0,
    "dnf_flag": 0.0,
    "deg_per_10_laps": -7.912738633530058,
    "laps_completed": 44.0
  }
}