{
  "BEA": {
    "mean_lap_delta_to_field": 0.6923679245283018,
    "lap_time_std": 3.568415476620973,
    "positions_gained": 0.0,
    "dnf_flag": 0.0,
    "deg_per_10_laps": -0.8192557651991651,
    "laps_completed": 53.0
  },
  "STR": {
    "mean_lap_delta_to_field": 1.1265576923076916,
    "lap_time_std": 4.8374521382691995,
    "positions_gained": -1.0,
    "dnf_flag": 0.0,
    "deg_per_10_laps": 0.12214889439084556,
    "laps_completed": 52.0
  },
  "SAI": {
    "mean_lap_delta_to_field": 0.6014433962264134,
    "lap_time_std": 3.313753043336303,
    "positions_gained": 2.0,
    "dnf_flag": 0.0,
    "deg_per_10_laps": -0.6579575874858806,
    "laps_completed": 53.0
  },
  "ANT": {
    "mean_lap_delta_to_field": 0.4182924528301881,
    "lap_time_std": 3.1975736497042564,
    "positions_gained": 3.0,
    "dnf_flag": 0.0,
    "deg_per_10_laps": -0.6988090630543535,
    "laps_completed": 53.0
  },
  "HAM": {
    "mean_lap_delta_to_field": 0.09163207547169672,
    "lap_time_std": 3.0493244170767624,
    "positions_gained": 3.0,
    "dnf_flag": 0.0,
    "deg_per_10_laps": -0.5071351394936242,
    "laps_completed": 53.0
  },
  "ALO": {
    "mean_lap_delta_to_field": 2.0057083333333323,
    "lap_time_std": 6.189126230737263,
    "positions_gained": -12.0,
    "dnf_flag": 1.0,
    "deg_per_10_laps": 3.132582608695636,
    "laps_completed": 24.0
  },
  "BOR": {
    "mean_lap_delta_to_field": 0.48851886792452603,
    "lap_time_std": 3.464043065858017,
    "positions_gained": -1.0,
    "dnf_flag": 0.0,
    "deg_per_10_laps": -0.8008764715368505,
    "laps_completed": 53.0
  },
  "GAS": {
    "mean_lap_delta_to_field": 1.0599423076923056,
    "lap_time_std": 3.2496662636396527,
    "positions_gained": 4.0,
    "dnf_flag": 0.0,
    "deg_per_10_laps": -0.2853521727994484,
    "laps_completed": 52.0
  },
  "LAW": {
    "mean_lap_delta_to_field": 0.9388396226415078,
    "lap_time_std": 3.3367893835872944,
    "positions_gained": 2.0,
    "dnf_flag": 0.0,
    "deg_per_10_laps": -0.9152660861151449,
    "laps_completed": 53.0
  },
  "OCO": {
    "mean_lap_delta_to_field": 0.9887499999999979,
    "lap_time_std": 3.9738041148612355,
    "positions_gained": 0.0,
    "dnf_flag": 0.0,
    "deg_per_10_laps": 0.0874139844617077,
    "laps_completed": 52.0
  },
  "COL": {
    "mean_lap_delta_to_field": 1.0909230769230764,
    "lap_time_std": 3.3527135181470866,
    "positions_gained": 1.0,
    "dnf_flag": 0.0,
    "deg_per_10_laps": -0.54068001366004,
    "laps_completed": 52.0
  },
  "LEC": {
    "mean_lap_delta_to_field": -0.13148113207547235,
    "lap_time_std": 3.015030299727159,
    "positions_gained": 1.0,
    "dnf_flag": 0.0,
    "deg_per_10_laps": -0.5639517819706488,
    "laps_completed": 53.0
  },
  "NOR": {
    "mean_lap_delta_to_field": -0.25255660377358585,
    "lap_time_std": 3.228307564687822,
    "positions_gained": 1.0,
    "dnf_flag": 0.0,
    "deg_per_10_laps": -0.07518787292371633,
    "laps_completed": 53.0
  },
  "RUS": {
    "mean_lap_delta_to_field": 0.005443396226413736,
    "lap_time_std": 3.1855729652349822,
    "positions_gained": 1.0,
    "dnf_flag": 0.0,
    "deg_per_10_laps": -0.668894533139827,
    "laps_completed": 53.0
  },
  "ALB": {
    "mean_lap_delta_to_field": 0.33857547169811225,
    "lap_time_std": 3.143370019091463,
    "positions_gained": 7.0,
    "dnf_flag": 0.0,
    "deg_per_10_laps": -0.5954241251411054,
    "laps_completed": 53.0
  },
  "VER": {
    "mean_lap_delta_to_field": -0.6149528301886812,
    "lap_time_std": 2.965758760118913,
    "positions_gained": 0.0,
    "dnf_flag": 0.0,
    "deg_per_10_laps": -0.35026447347202594,
    "laps_completed": 53.0
  },
  "PIA": {
    "mean_lap_delta_to_field": -0.21210377358490703,
    "lap_time_std": 2.7845308248192637,
    "positions_gained": 1.0,
    "dnf_flag": 0.0,
    "deg_per_10_laps": -0.24297693920335994,
    "laps_completed": 53.0
  },
  "TSU": {
    "mean_lap_delta_to_field": 0.9077075471698106,
    "lap_time_std": 3.204543157394707,
    "positions_gained": -3.0,
    "dnf_flag": 0.0,
    "deg_per_10_laps": -0.705969198516372,
    "laps_completed": 53.0
  },
  "HAD": {
    "mean_lap_delta_to_field": 0.5905377358490561,
    "lap_time_std": 3.2725051152470073,
    "positions_gained": 9.0,
    "dnf_flag": 0.0,
    "deg_per_10_laps": -0.7440195129817764,
    "laps_completed": 53.0
  }
}