{
  "BEA": {
    "mean_lap_delta_to_field": 0.9538289473684216,
    "lap_time_std": 9.085203399242856,
    "positions_gained": 7.0,
    "dnf_flag": 1.0,
    "deg_per_10_laps": -1.4962154477101905,
    "laps_completed": 76.0
  },
  "STR": {
    "mean_lap_delta_to_field": 1.1604342105263157,
    "lap_time_std": 6.636795806739192,
    "positions_gained": 1.0,
    "dnf_flag": 1.0,
    "deg_per_10_laps": -1.3051253588516807,
    "laps_completed": 76.0
  },
  "SAI": {
    "mean_lap_delta_to_field": 0.4346052631578951,
    "lap_time_std": 6.517513194826451,
    "positions_gained": 1.0,
    "dnf_flag": 1.0,
    "deg_per_10_laps": -1.5487249487354784,
    "laps_completed": 76.0
  },
  "ANT": {
    "mean_lap_delta_to_field": 1.3631333333333333,
    "lap_time_std": 6.257095469944505,
    "positions_gained": -4.0,
    "dnf_flag": 1.0,
    "deg_per_10_laps": -1.105389758179241,
    "laps_completed": 75.0
  },
  "HAM": {
    "mean_lap_delta_to_field": -1.0610320512820506,
    "lap_time_std": 6.6036037385403725,
    "positions_gained": 2.0,
    "dnf_flag": 0.0,
    "deg_per_10_laps": -1.193704523324774,
    "laps_completed": 78.0
  },
  "ALO": {
    "mean_lap_delta_to_field": -0.40784722222222114,
    "lap_time_std": 8.414123566955748,
    "positions_gained": 0.0,
    "dnf_flag": 1.0,
    "deg_per_10_laps": -4.775716859716852,
    "laps_completed": 36.0
  },
  "BOR": {
    "mean_lap_delta_to_field": 1.1344999999999994,
    "lap_time_std": 9.647480202268254,
    "positions_gained": 6.0,
    "dnf_flag": 1.0,
    "deg_per_10_laps": -1.4214557758031552,
    "laps_completed": 76.0
  },
  "GAS": {
    "mean_lap_delta_to_field": 1.2849285714285779,
    "lap_time_std": 15.704725567257041,
    "positions_gained": 0.0,
    "dnf_flag": 1.0,
    "deg_per_10_laps": -68.065,
    "laps_completed": 7.0
  },
  "LAW": {
    "mean_lap_delta_to_field": 0.10347402597402598,
    "lap_time_std": 6.477117254792508,
    "positions_gained": 1.0,
    "dnf_flag": 0.0,
    "deg_per_10_laps": -1.4355089647194894,
    "laps_completed": 77.0
  },
  "OCO": {
    "mean_lap_delta_to_field": 0.09416233766233825,
    "lap_time_std": 6.396122731727131,
    "positions_gained": 1.0,
    "dnf_flag": 0.0,
    "deg_per_10_laps": -1.207992007992008,
    "laps_completed": 77.0
  },
  "COL": {
    "mean_lap_delta_to_field": 0.9856842105263153,
    "lap_time_std": 6.532175948616528,
    "positions_gained": 2.0,
    "dnf_flag": 1.0,
    "deg_per_10_laps": -1.431456596035551,
    "laps_completed": 76.0
  },
  "LEC": {
    "mean_lap_delta_to_field": -1.679698717948718,
    "lap_time_std": 6.4134503014028965,
    "positions_gained": 0.0,
    "dnf_flag": 0.0,
    "deg_per_10_laps": -1.1623219818156534,
    "laps_completed": 78.0
  },
  "NOR": {
    "mean_lap_delta_to_field": -1.7198397435897432,
    "lap_time_std": 6.386012530324573,
    "positions_gained": 0.0,
    "dnf_flag": 0.0,
    "deg_per_10_laps": -1.144391178441808,
    "laps_completed": 78.0
  },
  "RUS": {
    "mean_lap_delta_to_field": 0.6795000000000007,
    "lap_time_std": 6.65743398513956,
    "positions_gained": 2.0,
    "dnf_flag": 1.0,
    "deg_per_10_laps": -1.47834025974027,
    "laps_completed": 76.0
  },
  "ALB": {
    "mean_lap_delta_to_field": 0.39035526315789515,
    "lap_time_std": 6.51586552153563,
    "positions_gained": 1.0,
    "dnf_flag": 1.0,
    "deg_per_10_laps": -1.5705118250170922,
    "laps_completed": 76.0
  },
  "VER": {
    "mean_lap_delta_to_field": -1.4560961538461545,
    "lap_time_std": 6.484023877130167,
    "positions_gained": 0.0,
    "dnf_flag": 0.0,
    "deg_per_10_laps": -1.022688324333896,
    "laps_completed": 78.0
  },
  "PIA": {
    "mean_lap_delta_to_field": -1.672942307692308,
    "lap_time_std": 6.499764716469652,
    "positions_gained": 0.0,
    "dnf_flag": 0.0,
    "deg_per_10_laps": -1.2637576347702901,
    "laps_completed": 78.0
  },
  "TSU": {
    "mean_lap_delta_to_field": 1.1795657894736846,
    "lap_time_std": 6.479651426622148,
    "positions_gained": 0.0,
    "dnf_flag": 1.0,
    "deg_per_10_laps": -1.2349205741626865,
    "laps_completed": 76.0
  },
  "HAD": {
    "mean_lap_delta_to_field": 0.08186363636363672,
    "lap_time_std": 6.145780820006506,
    "positions_gained": -1.0,
    "dnf_flag": 0.0,
    "deg_per_10_laps": -1.1869188706030829,
    "laps_completed": 77.0
  },
  "HUL": {
    "mean_lap_delta_to_field": 1.175552631578947,
    "lap_time_std": 6.440505059782793,
    "positions_gained": -4.0,
    "dnf_flag": 1.0,
    "deg_per_10_laps": -1.2867391660970702,
    "laps_completed": 76.0
  }
}