{
  "BEA": {
    "mean_lap_delta_to_field": 0.5566226415094341,
    "lap_time_std": 3.2847298703973227,
    "positions_gained": 0.0,
    "dnf_flag": 0.0,
    "deg_per_10_laps": -0.8119883889695241,
    "laps_completed": 53.0
  },
  "STR": {
    "mean_lap_delta_to_field": 1.5316538461538456,
    "lap_time_std": 4.479631162768814,
    "positions_gained": -1.0,
    "dnf_flag": 0.0,
    "deg_per_10_laps": -1.1326321181593098,
    "laps_completed": 52.0
  },
  "SAI": {
    "mean_lap_delta_to_field": 0.9264339622641512,
    "lap_time_std": 3.288605838226321,
    "positions_gained": 2.0,
    "dnf_flag": 0.0,
    "deg_per_10_laps": -0.8257998709885552,
    "laps_completed": 53.0
  },
  "ANT": {
    "mean_lap_delta_to_field": -0.119943396226414,
    "lap_time_std": 3.4466590827010615,
    "positions_gained": 0.0,
    "dnf_flag": 0.0,
    "deg_per_10_laps": -0.7245041122399604,
    "laps_completed": 53.0
  },
  "HAM": {
    "mean_lap_delta_to_field": 0.07837735849056623,
    "lap_time_std": 3.034178488272195,
    "positions_gained": 1.0,
    "dnf_flag": 0.0,
    "deg_per_10_laps": -0.6742477019835587,
    "laps_completed": 53.0
  },
  "ALO": {
    "mean_lap_delta_to_field": 0.6095283018867929,
    "lap_time_std": 3.5794723697178137,
    "positions_gained": 0.0,
    "dnf_flag": 0.0,
    "deg_per_10_laps": -0.8707184325108787,
    "laps_completed": 53.0
  },
  "BOR": {
    "mean_lap_delta_to_field": 1.1107358490566033,
    "lap_time_std": 3.585677026856833,
    "positions_gained": 1.0,
    "dnf_flag": 0.0,
    "deg_per_10_laps": -0.8727511691662626,
    "laps_completed": 53.0
  },
  "GAS": {
    "mean_lap_delta_to_field": 0.6998867924528298,
    "lap_time_std": 4.052213101006064,
    "positions_gained": -1.0,
    "dnf_flag": 0.0,
    "deg_per_10_laps": -0.9207974520238661,
    "laps_completed": 53.0
  },
  "LAW": {
    "mean_lap_delta_to_field": 1.088792452830188,
    "lap_time_std": 3.2581993491111954,
    "positions_gained": -3.0,
    "dnf_flag": 0.0,
    "deg_per_10_laps": -0.6514723431704648,
    "laps_completed": 53.0
  },
  "OCO": {
    "mean_lap_delta_to_field": 1.102075471698113,
    "lap_time_std": 3.43515546566595,
    "positions_gained": -1.0,
    "dnf_flag": 0.0,
    "deg_per_10_laps": -0.7878430898242161,
    "laps_completed": 53.0
  },
  "LEC": {
    "mean_lap_delta_to_field": -0.16850943396226437,
    "lap_time_std": 3.0728309231778894,
    "positions_gained": 0.0,
    "dnf_flag": 0.0,
    "deg_per_10_laps": -0.7186034510562751,
    "laps_completed": 53.0
  },
  "NOR": {
    "mean_lap_delta_to_field": -0.4453773584905669,
    "lap_time_std": 3.2399452473916535,
    "positions_gained": 0.0,
    "dnf_flag": 0.0,
    "deg_per_10_laps": -0.7360877277858379,
    "laps_completed": 53.0
  },
  "RUS": {
    "mean_lap_delta_to_field": -0.14464150943396273,
    "lap_time_std": 3.031496581430043,
    "positions_gained": 0.0,
    "dnf_flag": 0.0,
    "deg_per_10_laps": -0.8219004999193729,
    "laps_completed": 53.0
  },
  "DOO": {
    "mean_lap_delta_to_field": 1.062,
    "lap_time_std": 3.3932261522936527,
    "positions_gained": 3.0,
    "dnf_flag": 0.0,
    "deg_per_10_laps": -0.9666061925495955,
    "laps_completed": 53.0
  },
  "ALB": {
    "mean_lap_delta_to_field": 0.289415094339621,
    "lap_time_std": 3.495087742014951,
    "positions_gained": 0.0,
    "dnf_flag": 0.0,
    "deg_per_10_laps": -0.9045162070633793,
    "laps_completed": 53.0
  },
  "VER": {
    "mean_lap_delta_to_field": -0.4722264150943408,
    "lap_time_std": 3.128415809559787,
    "positions_gained": 0.0,
    "dnf_flag": 0.0,
    "deg_per_10_laps": -0.6966924689566257,
    "laps_completed": 53.0
  },
  "PIA": {
    "mean_lap_delta_to_field": -0.432056603773586,
    "lap_time_std": 3.054016300523079,
    "positions_gained": 0.0,
    "dnf_flag": 0.0,
    "deg_per_10_laps": -0.7979446863409072,
    "laps_completed": 53.0
  },
  "TSU": {
    "mean_lap_delta_to_field": 0.6296792452830177,
    "lap_time_std": 3.382858545419296,
    "positions_gained": 1.0,
    "dnf_flag": 0.0,
    "deg_per_10_laps": -0.9439574262215757,
    "laps_completed": 53.0
  },
  "HAD": {
    "mean_lap_delta_to_field": 0.22841509433962254,
    "lap_time_std": 3.41650469966671,
    "positions_gained": -1.0,
    "dnf_flag": 0.0,
    "deg_per_10_laps": -0.8243960651507866,
    "laps_completed": 53.0
  },
  "HUL": {
    "mean_lap_delta_to_field": 1.0741320754716992,
    "lap_time_std": 3.3161862802884383,
    "positions_gained": -1.0,
    "dnf_flag": 0.0,
    "deg_per_10_laps": -0.834495242702793,
    "laps_completed": 53.0
  }
}