{
  "BEA": {
    "mean_lap_delta_to_field": 1.050770833333334,
    "lap_time_std": 3.035594532578981,
    "positions_gained": -9.0,
    "dnf_flag": 1.0,
    "deg_per_10_laps": -0.1920424446374289,
    "laps_completed": 48.0
  },
  "STR": {
    "mean_lap_delta_to_field": 0.2216857142857141,
    "lap_time_std": 2.6234455101489242,
    "positions_gained": 0.0,
    "dnf_flag": 0.0,
    "deg_per_10_laps": -0.6083329542472231,
    "laps_completed": 70.0
  },
  "SAI": {
    "mean_lap_delta_to_field": 0.9001449275362309,
    "lap_time_std": 3.323800005050246,
    "positions_gained": -2.0,
    "dnf_flag": 0.0,
    "deg_per_10_laps": -0.5199576178297389,
    "laps_completed": 69.0
  },
  "ANT": {
    "mean_lap_delta_to_field": 0.5280144927536233,
    "lap_time_std": 3.1034142744715933,
    "positions_gained": 3.0,
    "dnf_flag": 0.0,
    "deg_per_10_laps": -0.6656711728169586,
    "laps_completed": 69.0
  },
  "HAM": {
    "mean_lap_delta_to_field": 0.5600724637681153,
    "lap_time_std": 3.065728832375312,
    "positions_gained": 2.0,
    "dnf_flag": 0.0,
    "deg_per_10_laps": -0.6081333576909066,
    "laps_completed": 69.0
  },
  "ALO": {
    "mean_lap_delta_to_field": 0.09119999999999838,
    "lap_time_std": 2.7950164363935532,
    "positions_gained": -1.0,
    "dnf_flag": 0.0,
    "deg_per_10_laps": -0.5348594173738063,
    "laps_completed": 70.0
  },
  "BOR": {
    "mean_lap_delta_to_field": 0.1930428571428572,
    "lap_time_std": 2.620603925780822,
    "positions_gained": 0.0,
    "dnf_flag": 0.0,
    "deg_per_10_laps": -0.5419063948910794,
    "laps_completed": 70.0
  },
  "GAS": {
    "mean_lap_delta_to_field": 1.0888115942028982,
    "lap_time_std": 2.803346925262009,
    "positions_gained": 2.0,
    "dnf_flag": 0.0,
    "deg_per_10_laps": -0.40386043112898173,
    "laps_completed": 69.0
  },
  "LAW": {
    "mean_lap_delta_to_field": 0.23992857142857024,
    "lap_time_std": 2.823141820437351,
    "positions_gained": 0.0,
    "dnf_flag": 0.0,
    "deg_per_10_laps": -0.6115513953284921,
    "laps_completed": 70.0
  },
  "OCO": {
    "mean_lap_delta_to_field": 1.073072463768115,
    "lap_time_std": 2.8651351436370907,
    "positions_gained": -1.0,
    "dnf_flag": 0.0,
    "deg_per_10_laps": -0.4169448301059569,
    "laps_completed": 69.0
  },
  "COL": {
    "mean_lap_delta_to_field": 1.1036811594202904,
    "lap_time_std": 4.71899592616384,
    "positions_gained": -1.0,
    "dnf_flag": 0.0,
    "deg_per_10_laps": -0.6459093898428934,
    "laps_completed": 69.0
  },
  "LEC": {
    "mean_lap_delta_to_field": -0.2156571428571429,
    "lap_time_std": 2.9889526091234564,
    "positions_gained": -3.0,
    "dnf_flag": 0.0,
    "deg_per_10_laps": -0.18415554194733483,
    "laps_completed": 70.0
  },
  "NOR": {
    "mean_lap_delta_to_field": -0.7522285714285717,
    "lap_time_std": 2.67704736723469,
    "positions_gained": 4.0,
    "dnf_flag": 0.0,
    "deg_per_10_laps": -0.5293078470824928,
    "laps_completed": 70.0
  },
  "RUS": {
    "mean_lap_delta_to_field": -0.4391428571428573,
    "lap_time_std": 3.2488079795506146,
    "positions_gained": 0.0,
    "dnf_flag": 0.0,
    "deg_per_10_laps": -0.4789545971481076,
    "laps_completed": 70.0
  },
  "ALB": {
    "mean_lap_delta_to_field": 0.9694927536231875,
    "lap_time_std": 3.628629136237907,
    "positions_gained": 1.0,
    "dnf_flag": 0.0,
    "deg_per_10_laps": -0.5671048593350384,
    "laps_completed": 69.0
  },
  "VER": {
    "mean_lap_delta_to_field": 0.28555714285714273,
    "lap_time_std": 3.25991711855927,
    "positions_gained": 0.0,
    "dnf_flag": 0.0,
    "deg_per_10_laps": -0.598781208993089,
    "laps_completed": 70.0
  },
  "PIA": {
    "mean_lap_delta_to_field": -0.7422571428571431,
    "lap_time_std": 3.198568206112092,
    "positions_gained": 0.0,
    "dnf_flag": 0.0,
    "deg_per_10_laps": -0.5220384918204852,
    "laps_completed": 70.0
  },
  "TSU": {
    "mean_lap_delta_to_field": 1.0974927536231878,
    "lap_time_std": 3.704767897326435,
    "positions_gained": 2.0,
    "dnf_flag": 0.0,
    "deg_per_10_laps": -0.562447570332481,
    "laps_completed": 69.0
  },
  "HAD": {
    "mean_lap_delta_to_field": 0.540347826086956,
    "lap_time_std": 2.7480100629460646,
    "positions_gained": 0.0,
    "dnf_flag": 0.0,
    "deg_per_10_laps": -0.6180727073438042,
    "laps_completed": 69.0
  },
  "HUL": {
    "mean_lap_delta_to_field": 0.8703188405797111,
    "lap_time_std": 4.294891224864559,
    "positions_gained": 4.0,
    "dnf_flag": 0.0,
    "deg_per_10_laps": -0.6242553891121703,
    "laps_completed": 69.0
  }
}