{
  "BEA": {
    "mean_lap_delta_to_field": 0.31916666666666826,
    "lap_time_std": 14.352902879598002,
    "positions_gained": 1.0,
    "dnf_flag": 0.0,
    "deg_per_10_laps": 1.2259149385560661,
    "laps_completed": 63.0
  },
  "STR": {
    "mean_lap_delta_to_field": 0.306230158730159,
    "lap_time_std": 12.614487124705262,
    "positions_gained": -7.0,
    "dnf_flag": 0.0,
    "deg_per_10_laps": 1.6941311443932408,
    "laps_completed": 63.0
  },
  "SAI": {
    "mean_lap_delta_to_field": 0.1459920634920638,
    "lap_time_std": 13.637240772751985,
    "positions_gained": -2.0,
    "dnf_flag": 0.0,
    "deg_per_10_laps": 1.6765284178187443,
    "laps_completed": 63.0
  },
  "ANT": {
    "mean_lap_delta_to_field": 0.16405681818181928,
    "lap_time_std": 8.442508522484292,
    "positions_gained": 4.0,
    "dnf_flag": 1.0,
    "deg_per_10_laps": 0.262917547568719,
    "laps_completed": 44.0
  },
  "HAM": {
    "mean_lap_delta_to_field": 0.010404761904762637,
    "lap_time_std": 14.842797382061647,
    "positions_gained": 9.0,
    "dnf_flag": 0.0,
    "deg_per_10_laps": 1.850707085253462,
    "laps_completed": 63.0
  },
  "ALO": {
    "mean_lap_delta_to_field": 0.2150714285714303,
    "lap_time_std": 12.726142883640293,
    "positions_gained": -6.0,
    "dnf_flag": 0.0,
    "deg_per_10_laps": 1.6652784178187376,
    "laps_completed": 63.0
  },
  "BOR": {
    "mean_lap_delta_to_field": 0.39478571428571424,
    "lap_time_std": 12.994944118723462,
    "positions_gained": -4.0,
    "dnf_flag": 0.0,
    "deg_per_10_laps": 1.536853398617514,
    "laps_completed": 63.0
  },
  "GAS": {
    "mean_lap_delta_to_field": 0.28132539682539687,
    "lap_time_std": 13.14263388159398,
    "positions_gained": -4.0,
    "dnf_flag": 0.0,
    "deg_per_10_laps": 1.5372508640552995,
    "laps_completed": 63.0
  },
  "LAW": {
    "mean_lap_delta_to_field": 0.29857936507936605,
    "lap_time_std": 12.99896741162779,
    "positions_gained": 1.0,
    "dnf_flag": 0.0,
    "deg_per_10_laps": 1.5063080837173697,
    "laps_completed": 63.0
  },
  "OCO": {
    "mean_lap_delta_to_field": 1.3492037037037032,
    "lap_time_std": 4.987783113514895,
    "positions_gained": 1.0,
    "dnf_flag": 1.0,
    "deg_per_10_laps": -2.3663797313797215,
    "laps_completed": 27.0
  },
  "COL": {
    "mean_lap_delta_to_field": 0.31286507936507996,
    "lap_time_std": 12.40679484092416,
    "positions_gained": 1.0,
    "dnf_flag": 0.0,
    "deg_per_10_laps": 1.6178062596006195,
    "laps_completed": 63.0
  },
  "LEC": {
    "mean_lap_delta_to_field": 0.11227777777777861,
    "lap_time_std": 14.73593072296044,
    "positions_gained": 4.0,
    "dnf_flag": 0.0,
    "deg_per_10_laps": 1.8526108870967761,
    "laps_completed": 63.0
  },
  "NOR": {
    "mean_lap_delta_to_field": -0.12049999999999882,
    "lap_time_std": 15.448207540389841,
    "positions_gained": 2.0,
    "dnf_flag": 0.0,
    "deg_per_10_laps": 2.132662250384026,
    "laps_completed": 63.0
  },
  "RUS": {
    "mean_lap_delta_to_field": 0.13227777777777802,
    "lap_time_std": 14.177559670386621,
    "positions_gained": -4.0,
    "dnf_flag": 0.0,
    "deg_per_10_laps": 1.7669695660522355,
    "laps_completed": 63.0
  },
  "ALB": {
    "mean_lap_delta_to_field": 0.0673730158730159,
    "lap_time_std": 14.486652017385211,
    "positions_gained": 2.0,
    "dnf_flag": 0.0,
    "deg_per_10_laps": 2.0863181643625204,
    "laps_completed": 63.0
  },
  "VER": {
    "mean_lap_delta_to_field": -0.21746825396825384,
    "lap_time_std": 16.410710765112533,
    "positions_gained": 0.0,
    "dnf_flag": 0.0,
    "deg_per_10_laps": 2.3778158602150548,
    "laps_completed": 63.0
  },
  "PIA": {
    "mean_lap_delta_to_field": -0.01181746031745945,
    "lap_time_std": 14.546620368417441,
    "positions_gained": -1.0,
    "dnf_flag": 0.0,
    "deg_per_10_laps": 1.9979565092165916,
    "laps_completed": 63.0
  },
  "TSU": {
    "mean_lap_delta_to_field": 0.20230952380952413,
    "lap_time_std": 13.11149363017157,
    "positions_gained": 9.0,
    "dnf_flag": 0.0,
    "deg_per_10_laps": 1.6701689708141354,
    "laps_completed": 63.0
  },
  "HAD": {
    "mean_lap_delta_to_field": 0.1569126984126992,
    "lap_time_std": 14.339354270218749,
    "positions_gained": 2.0,
    "dnf_flag": 0.0,
    "deg_per_10_laps": 1.9604848310291925,
    "laps_completed": 63.0
  },
  "HUL": {
    "mean_lap_delta_to_field": 0.2634206349206365,
    "lap_time_std": 13.177578384975211,
    "positions_gained": 4.0,
    "dnf_flag": 0.0,
    "deg_per_10_laps": 1.8169350038402463,
    "laps_completed": 63.0
  }
}