{
  "BEA": {
    "mean_lap_delta_to_field": 0.9377391304347821,
    "lap_time_std": 9.591870396859257,
    "positions_gained": 2.0,
    "dnf_flag": 0.0,
    "deg_per_10_laps": 1.3657760321519918,
    "laps_completed": 69.0
  },
  "STR": {
    "mean_lap_delta_to_field": 1.0152173913043467,
    "lap_time_std": 9.73129879352526,
    "positions_gained": 1.0,
    "dnf_flag": 0.0,
    "deg_per_10_laps": 1.2729473876507122,
    "laps_completed": 69.0
  },
  "SAI": {
    "mean_lap_delta_to_field": 0.9112028985507243,
    "lap_time_std": 10.056224120313297,
    "positions_gained": 6.0,
    "dnf_flag": 0.0,
    "deg_per_10_laps": 1.6015286810376321,
    "laps_completed": 69.0
  },
  "ANT": {
    "mean_lap_delta_to_field": -0.8748642857142856,
    "lap_time_std": 10.732965588224555,
    "positions_gained": 0.0,
    "dnf_flag": 0.0,
    "deg_per_10_laps": 1.5267140232700551,
    "laps_completed": 70.0
  },
  "HAM": {
    "mean_lap_delta_to_field": -0.736307142857143,
    "lap_time_std": 8.539217097334138,
    "positions_gained": -1.0,
    "dnf_flag": 0.0,
    "deg_per_10_laps": 1.1932287638876793,
    "laps_completed": 70.0
  },
  "ALO": {
    "mean_lap_delta_to_field": -0.7326071428571432,
    "lap_time_std": 6.92449235008735,
    "positions_gained": -1.0,
    "dnf_flag": 0.0,
    "deg_per_10_laps": 0.8478162890385853,
    "laps_completed": 70.0
  },
  "BOR": {
    "mean_lap_delta_to_field": 0.9980579710144926,
    "lap_time_std": 9.140844232907666,
    "positions_gained": 1.0,
    "dnf_flag": 0.0,
    "deg_per_10_laps": 1.4094859335038323,
    "laps_completed": 69.0
  },
  "GAS": {
    "mean_lap_delta_to_field": 0.9990869565217388,
    "lap_time_std": 9.15574672703337,
    "positions_gained": 5.0,
    "dnf_flag": 0.0,
    "deg_per_10_laps": 1.3413547679941473,
    "laps_completed": 69.0
  },
  "LAW": {
    "mean_lap_delta_to_field": 1.0667735849056599,
    "lap_time_std": 3.125024354622076,
    "positions_gained": 1.0,
    "dnf_flag": 1.0,
    "deg_per_10_laps": -0.34504515400742697,
    "laps_completed": 53.0
  },
  "OCO": {
    "mean_lap_delta_to_field": 0.9052173913043471,
    "lap_time_std": 10.081019215076838,
    "positions_gained": 5.0,
    "dnf_flag": 0.0,
    "deg_per_10_laps": 1.6473478260869534,
    "laps_completed": 69.0
  },
  "COL": {
    "mean_lap_delta_to_field": 0.9855797101449273,
    "lap_time_std": 9.194366690681369,
    "positions_gained": -3.0,
    "dnf_flag": 0.0,
    "deg_per_10_laps": 1.413475337961271,
    "laps_completed": 69.0
  },
  "LEC": {
    "mean_lap_delta_to_field": -0.8401785714285719,
    "lap_time_std": 9.621078026140998,
    "positions_gained": 3.0,
    "dnf_flag": 0.0,
    "deg_per_10_laps": 1.4616331029656162,
    "laps_completed": 70.0
  },
  "NOR": {
    "mean_lap_delta_to_field": -1.0564848484848495,
    "lap_time_std": 3.2140204200667535,
    "positions_gained": 2.0,
    "dnf_flag": 1.0,
    "deg_per_10_laps": -0.5165615280242155,
    "laps_completed": 66.0
  },
  "RUS": {
    "mean_lap_delta_to_field": -0.8893500000000003,
    "lap_time_std": 11.012189767026825,
    "positions_gained": 0.0,
    "dnf_flag": 0.0,
    "deg_per_10_laps": 1.6577513778322146,
    "laps_completed": 70.0
  },
  "ALB": {
    "mean_lap_delta_to_field": 0.8206086956521731,
    "lap_time_std": 3.5629385519031445,
    "positions_gained": -7.0,
    "dnf_flag": 1.0,
    "deg_per_10_laps": -0.4863509096515525,
    "laps_completed": 46.0
  },
  "VER": {
    "mean_lap_delta_to_field": -0.8860928571428571,
    "lap_time_std": 10.865802343885953,
    "positions_gained": 0.0,
    "dnf_flag": 0.0,
    "deg_per_10_laps": 1.5609983378532069,
    "laps_completed": 70.0
  },
  "PIA": {
    "mean_lap_delta_to_field": -0.8592214285714286,
    "lap_time_std": 10.577229077835565,
    "positions_gained": 0.0,
    "dnf_flag": 0.0,
    "deg_per_10_laps": 1.5501749628204045,
    "laps_completed": 70.0
  },
  "TSU": {
    "mean_lap_delta_to_field": 0.9629420289855072,
    "lap_time_std": 9.202788322895799,
    "positions_gained": 5.0,
    "dnf_flag": 0.0,
    "deg_per_10_laps": 1.516616002922906,
    "laps_completed": 69.0
  },
  "HAD": {
    "mean_lap_delta_to_field": 1.0104927536231876,
    "lap_time_std": 9.165969602807488,
    "positions_gained": -5.0,
    "dnf_flag": 0.0,
    "deg_per_10_laps": 1.3764110339788036,
    "laps_completed": 69.0
  },
  "HUL": {
    "mean_lap_delta_to_field": -0.6698642857142864,
    "lap_time_std": 6.68672280592144,
    "positions_gained": 1.0,
    "dnf_flag": 0.0,
    "deg_per_10_laps": 0.7764996938150672,
    "laps_completed": 70.0
  }
}