{
  "BEA": {
    "mean_lap_delta_to_field": 1.4211341463414622,
    "lap_time_std": 14.919924267650927,
    "positions_gained": -7.0,
    "dnf_flag": 1.0,
    "deg_per_10_laps": -2.3118850174216057,
    "laps_completed": 41.0
  },
  "STR": {
    "mean_lap_delta_to_field": 0.9106727272727255,
    "lap_time_std": 12.171872866135285,
    "positions_gained": 2.0,
    "dnf_flag": 1.0,
    "deg_per_10_laps": -2.6442236652236657,
    "laps_completed": 55.0
  },
  "SAI": {
    "mean_lap_delta_to_field": -0.5768684210526331,
    "lap_time_std": 12.583540255240692,
    "positions_gained": 2.0,
    "dnf_flag": 0.0,
    "deg_per_10_laps": -3.033347161005966,
    "laps_completed": 57.0
  },
  "ANT": {
    "mean_lap_delta_to_field": -0.47771052631579025,
    "lap_time_std": 12.812738253570597,
    "positions_gained": -1.0,
    "dnf_flag": 0.0,
    "deg_per_10_laps": -3.0041068187710636,
    "laps_completed": 57.0
  },
  "HAM": {
    "mean_lap_delta_to_field": 0.3891842105263147,
    "lap_time_std": 11.801783405836204,
    "positions_gained": 2.0,
    "dnf_flag": 0.0,
    "deg_per_10_laps": -2.9250012963443157,
    "laps_completed": 57.0
  },
  "ALO": {
    "mean_lap_delta_to_field": -0.026342105263159516,
    "lap_time_std": 12.39693476901823,
    "positions_gained": -1.0,
    "dnf_flag": 0.0,
    "deg_per_10_laps": -2.955063520871141,
    "laps_completed": 57.0
  },
  "BOR": {
    "mean_lap_delta_to_field": 0.5134298245614028,
    "lap_time_std": 11.530520085021223,
    "positions_gained": 5.0,
    "dnf_flag": 0.0,
    "deg_per_10_laps": -2.9027469535908756,
    "laps_completed": 57.0
  },
  "GAS": {
    "mean_lap_delta_to_field": 0.60099107142857,
    "lap_time_std": 12.00194852010376,
    "positions_gained": -7.0,
    "dnf_flag": 0.0,
    "deg_per_10_laps": -3.0393479152426544,
    "laps_completed": 56.0
  },
  "LAW": {
    "mean_lap_delta_to_field": 0.07941228070175387,
    "lap_time_std": 11.927024988952297,
    "positions_gained": 4.0,
    "dnf_flag": 0.0,
    "deg_per_10_laps": -3.0918453461239253,
    "laps_completed": 57.0
  },
  "OCO": {
    "mean_lap_delta_to_field": 0.24370909090909007,
    "lap_time_std": 8.407256400305123,
    "positions_gained": 0.0,
    "dnf_flag": 0.0,
    "deg_per_10_laps": -2.024698489575632,
    "laps_completed": 56.0
  },
  "COL": {
    "mean_lap_delta_to_field": 0.5713839285714278,
    "lap_time_std": 11.597678441669418,
    "positions_gained": 6.0,
    "dnf_flag": 0.0,
    "deg_per_10_laps": -2.961820915926175,
    "laps_completed": 56.0
  },
  "LEC": {
    "mean_lap_delta_to_field": 0.021728070175437632,
    "lap_time_std": 12.022259471085306,
    "positions_gained": 2.0,
    "dnf_flag": 0.0,
    "deg_per_10_laps": -3.025295566502461,
    "laps_completed": 57.0
  },
  "NOR": {
    "mean_lap_delta_to_field": -0.5654649122807027,
    "lap_time_std": 13.314945317321364,
    "positions_gained": -1.0,
    "dnf_flag": 0.0,
    "deg_per_10_laps": -2.794201451905627,
    "laps_completed": 57.0
  },
  "RUS": {
    "mean_lap_delta_to_field": -0.12188596491228179,
    "lap_time_std": 12.453058677658188,
    "positions_gained": 1.0,
    "dnf_flag": 0.0,
    "deg_per_10_laps": -3.0830062224526773,
    "laps_completed": 57.0
  },
  "ALB": {
    "mean_lap_delta_to_field": 0.19972807017543814,
    "lap_time_std": 11.736085029762457,
    "positions_gained": 6.0,
    "dnf_flag": 0.0,
    "deg_per_10_laps": -3.066812937516205,
    "laps_completed": 57.0
  },
  "VER": {
    "mean_lap_delta_to_field": -0.9745000000000011,
    "lap_time_std": 13.140033780970182,
    "positions_gained": 1.0,
    "dnf_flag": 0.0,
    "deg_per_10_laps": -2.9600868550687007,
    "laps_completed": 57.0
  },
  "PIA": {
    "mean_lap_delta_to_field": -0.8342368421052635,
    "lap_time_std": 13.755441785158604,
    "positions_gained": -1.0,
    "dnf_flag": 0.0,
    "deg_per_10_laps": -2.8945495203526095,
    "laps_completed": 57.0
  },
  "TSU": {
    "mean_lap_delta_to_field": 0.10918421052631556,
    "lap_time_std": 11.818611667063186,
    "positions_gained": 6.0,
    "dnf_flag": 0.0,
    "deg_per_10_laps": -3.103680321493387,
    "laps_completed": 57.0
  },
  "HAD": {
    "mean_lap_delta_to_field": -0.1255555555555553,
    "lap_time_std": 12.511910801189618,
    "positions_gained": 2.0,
    "dnf_flag": 1.0,
    "deg_per_10_laps": -3.2321467505241133,
    "laps_completed": 54.0
  },
  "HUL": {
    "mean_lap_delta_to_field": -0.04600000000000648,
    "lap_time_std": 2.4904481256727085,
    "positions_gained": 1.0,
    "dnf_flag": 1.0,
    "deg_per_10_laps": -9.596,
    "laps_completed": 6.0
  }
}